,Pais,Total Fallecidos Vias Respiratorias,Media Fallecidos Vias Respiratorias,Total Fallecidos Sepsis,Media Fallecidos Sepsis,Total Fallecidos Meningitis Encefalitis,Media Fallecidos Meningitis Encefalitis,Total Fallecidos Malaria,Media Fallecidos Malaria,Total Fallecidos Sarampion,Media Fallecidos Sarampion,Total Fallecidos VIH,Media Fallecidos VIH,Total Fallecidos Diarrea,Media Fallecidos Diarrea,Vacunación contra la poliomielitis entre los niños de 1 año (%),Vacunación de antineumocócicas conjugadas en niños de 1 año (%),Vacunación de la primera dosis contra el sarampión (%),Vacunación de la segunda dosis contra el sarampión (%),Vacunación contra la hepatitis B entre los niños de 1 año (%),Vacunación contra Hib entre niños de 1 año (%),Vacunación contra la tos ferina y el toxoide tetánico diftérico en niños de 1 año (%),Vacunación con BCG en niños de 1 año (%),Centros de salud (Densidad por 100000 hab.),Hospitales (Densidad por 100000 hab.),Doctores medicos (por 10000 hab.),Enfermeros y personal de parto (por 10000 hab.),Farmaceuticos (por 10000 hab.),Camas de hospital (por 10000 hab.),Niños con bajo peso al nacer(%),Prevalencia de anemia en niños menores de 5 años (%),Niños amamantados en sus primeros 6 meses de vida (%),Concentracion de partículas finas (polucion) en el aire,"DALY debido al agua, saneamiento e higiene en niños menores de 5 años","Muertes debido al agua, saneamiento e higiene en niños menores de 5 años"
3,Afghanistan,342325,19018.055555555555,132422,7356.777777777777,87773,4876.277777777777,1839,102.16666666666667,64128,3562.6666666666665,256,14.222222222222221,196793,10932.944444444445,37.97560975609756,28.076923076923077,37.80487804878049,21.047619047619047,26.4375,23.966666666666665,37.31707317073171,42.41463414634146,1.205,0.37,2.322166666666667,3.5629999999999997,0.33930769230769237,4.322222222222224,NaN,7.426486486486488,43.1,53.2 ,2139966,62200
4,Albania,1709,94.94444444444444,232,12.88888888888889,347,19.27777777777778,0,0.0,2,0.1111111111111111,8,0.4444444444444444,199,11.055555555555555,93.97560975609755,68.15384615384616,91.41463414634147,87.28571428571429,79.15625,36.2,94.21951219512195,91.58536585365853,,1.36,13.587416666666662,43.98316666666667,4.477277777777777,30.523076923076925,4.7125,3.8027027027027027,15.6,17.9 ,4284,116
5,Algeria,57438,3191.0,34367,1909.2777777777778,5136,285.3333333333333,0,0.0,7048,391.55555555555554,209,11.61111111111111,25187,1399.2777777777778,78.53658536585365,25.53846153846154,73.29268292682927,87.33333333333333,45.40625,37.4,75.63414634146342,82.58536585365853,NaN,NaN,13.764199999999999,20.2648,2.54125,18.0,7.45625,5.311891891891892,14.966666666666667,35.2 ,114938,3139
6,Andorra,0,0.0,0,0.0,0,0.0,0,0.0,0,0.0,0,0.0,0,0.0,54.26829268292683,43.46153846153846,54.02439024390244,54.666666666666664,64.03125,68.46666666666667,54.26829268292683,NaN,NaN,NaN,28.84115384615385,31.692285714285713,9.236785714285714,NaN,7.45625,1.7016216216216218,NaN,9.9 ,3,0
7,Angola,477166,26509.222222222223,102661,5703.388888888889,73790,4099.444444444444,194517,10806.5,38396,2133.1111111111113,37764,2098.0,360353,20019.61111111111,28.048780487804876,25.23076923076923,43.170731707317074,7.714285714285714,20.90625,22.3,33.4390243902439,51.1219512195122,,,1.1680000000000001,7.249600000000001,0.253,8.0,16.625,9.080540540540543,37.4,27.9 ,1308451,37920
8,Antigua and Barbuda,15,0.8333333333333334,4,0.2222222222222222,3,0.16666666666666666,0,0.0,0,0.0,0,0.0,0,0.0,91.7560975609756,NaN,83.65853658536585,60.142857142857146,57.96875,61.63333333333333,93.39024390243902,NaN,,1.11,12.92275,47.55255555555555,1.786,30.983333333333334,9.21875,4.956216216216216,NaN,17.9 ,22,0
9,Argentina,14860,825.5555555555555,11863,659.0555555555555,2783,154.61111111111111,0,0.0,0,0.0,403,22.38888888888889,3172,176.22222222222223,82.46341463414635,48.61538461538461,87.48780487804878,81.9047619047619,49.03125,65.43333333333334,80.65853658536585,91.41463414634147,NaN,NaN,35.02375,19.214625,4.53125,47.85714285714285,7.325000000000001,3.1621621621621623,32.0,11.8 ,12800,104
10,Armenia,2351,130.61111111111111,652,36.22222222222222,289,16.055555555555557,0,0.0,8,0.4444444444444444,43,2.388888888888889,360,20.0,64.36585365853658,32.0,64.41463414634147,90.52380952380952,55.40625,29.733333333333334,62.24390243902439,63.78048780487805,0.53,4.03,28.15047058823529,50.94073684210525,0.3868125,43.27333333333332,7.8500000000000005,4.321621621621621,35.15,30.5 ,4849,132
11,Australia,742,41.22222222222222,407,22.61111111111111,286,15.88888888888889,3,0.16666666666666666,0,0.0,4,0.2222222222222222,77,4.277777777777778,84.04878048780488,85.3076923076923,79.04878048780488,68.04761904761905,55.625,70.5,82.17073170731707,NaN,NaN,NaN,30.72124999999999,101.73261904761904,8.235052631578947,38.637499999999996,6.312500000000001,1.8432432432432428,NaN,7.2 ,1097,0
12,Austria,111,6.166666666666667,84,4.666666666666667,94,5.222222222222222,0,0.0,0,0.0,2,0.1111111111111111,17,0.9444444444444444,85.82926829268293,NaN,67.26829268292683,62.666666666666664,51.375,59.63333333333333,85.63414634146342,21.951219512195124,NaN,NaN,42.141344827586224,59.47937931034484,5.984724137931035,76.50526315789473,6.85625,1.7664864864864869,10.0,12.4 ,346,0
13,Azerbaijan,19729,1096.0555555555557,5684,315.77777777777777,2745,152.5,0,0.0,168,9.333333333333334,107,5.944444444444445,10195,566.3888888888889,56.34146341463415,41.61538461538461,52.68292682926829,75.95238095238095,42.875,26.3,55.048780487804876,59.53658536585366,7.53,7.97,36.26559999999999,87.97076000000001,3.4257199999999997,70.16000000000001,7.162500000000001,5.378918918918919,9.799999999999999,18.2 ,61291,1771
14,Bahamas,189,10.5,86,4.777777777777778,4,0.2222222222222222,0,0.0,0,0.0,12,0.6666666666666666,12,0.6666666666666666,83.92682926829268,53.30769230769231,81.34146341463415,59.95238095238095,53.09375,65.53333333333333,85.3170731707317,NaN,0.0,1.06,20.18925,43.05275,4.816000000000001,28.685714285714283,13.275000000000004,4.456216216216217,NaN,17.6 ,94,0
15,Bahrain,95,5.277777777777778,46,2.5555555555555554,28,1.5555555555555556,0,0.0,0,0.0,3,0.16666666666666666,11,0.6111111111111112,92.39024390243902,84.07692307692308,87.07317073170732,93.66666666666667,83.84375,69.9,92.39024390243902,NaN,NaN,NaN,9.93575,26.571857142857137,1.6978,23.027777777777782,9.487499999999999,5.08054054054054,NaN,69.0 ,NaN,NaN
16,Bangladesh,634366,35242.555555555555,373635,20757.5,108407,6022.611111111111,626,34.77777777777778,119975,6665.277777777777,337,18.72222222222222,334186,18565.88888888889,66.07317073170732,33.53846153846154,62.48780487804878,32.142857142857146,43.8125,35.166666666666664,66.07317073170732,72.39024390243902,0.02,0.17,4.030555555555555,2.52975,0.8738999999999999,7.2,31.549999999999997,8.39081081081081,47.849999999999994,58.3 ,2061105,58639
17,Barbados,28,1.5555555555555556,79,4.388888888888889,3,0.16666666666666666,0,0.0,0,0.0,9,0.5,3,0.16666666666666666,84.36585365853658,73.76923076923077,84.17073170731707,74.71428571428571,51.03125,54.333333333333336,83.6829268292683,NaN,0.0,1.05,16.9784,41.75233333333333,7.408666666666666,61.61428571428571,NaN,5.078918918918919,19.7,22.2 ,33,0
18,Belarus,1277,70.94444444444444,235,13.055555555555555,233,12.944444444444445,0,0.0,0,0.0,71,3.9444444444444446,149,8.277777777777779,65.21951219512195,NaN,66.82926829268293,93.14285714285714,58.59375,9.933333333333334,65.1951219512195,66.8048780487805,2.825,7.45,42.071999999999996,94.36146153846153,3.1777307692307692,113.83999999999999,5.125,3.908648648648649,14.65,18.1 ,859,4
19,Belgium,240,13.333333333333334,261,14.5,302,16.77777777777778,0,0.0,0,0.0,0,0.0,49,2.7222222222222223,93.92682926829268,57.61538461538461,78.8048780487805,55.523809523809526,56.90625,68.4,92.63414634146342,NaN,NaN,NaN,30.636904761904763,102.02116666666667,11.003233333333332,61.37000000000002,7.0562499999999995,1.6643243243243242,12.0,12.9 ,524,1
20,Belize,261,14.5,163,9.055555555555555,41,2.2777777777777777,0,0.0,0,0.0,52,2.888888888888889,133,7.388888888888889,82.4390243902439,NaN,78.95121951219512,65.76190476190476,59.15625,60.3,82.36585365853658,89.70731707317073,12.445,2.11,9.487666666666666,18.99055555555556,5.159,10.983333333333334,8.762500000000001,4.077297297297297,19.066666666666666,21.2 ,424,10
21,Benin,105104,5839.111111111111,44991,2499.5,24023,1334.611111111111,132601,7366.722222222223,13531,751.7222222222222,12487,693.7222222222222,76482,4249.0,57.829268292682926,46.61538461538461,53.31707317073171,NaN,40.71875,36.833333333333336,57.707317073170735,71.04878048780488,5.905,0.41,0.5825714285714285,5.7298888888888895,0.05800000000000002,5.0,17.64375,11.254594594594595,32.839999999999996,33.1 ,235888,6716
22,Bhutan,2594,144.11111111111111,1185,65.83333333333333,417,23.166666666666668,14,0.7777777777777778,170,9.444444444444445,66,3.6666666666666665,1309,72.72222222222223,76.60975609756098,2.0,75.39024390243902,50.857142857142854,67.71875,26.066666666666666,76.78048780487805,82.92682926829268,1.62,1.72,3.2680000000000002,13.128181818181817,0.28490909090909095,17.4,12.6125,9.491351351351351,50.05,35.3 ,8168,237
23,Bolivia (Plurinational State of),40022,2223.4444444444443,14332,796.2222222222222,4321,240.05555555555554,29,1.6111111111111112,0,0.0,654,36.333333333333336,24341,1352.2777777777778,62.8780487804878,36.15384615384615,66.2439024390244,3.9047619047619047,53.03125,56.56666666666667,60.951219512195124,75.09756097560975,9.11,1.07,8.435,11.38325,1.3646,11.614285714285716,7.575,7.813513513513514,52.0125,20.2 ,105775,3019
24,Bosnia and Herzegovina,404,22.444444444444443,164,9.11111111111111,78,4.333333333333333,0,0.0,46,2.5555555555555554,0,0.0,49,2.7222222222222223,56.0,NaN,54.26829268292683,82.71428571428571,41.78125,39.43333333333333,55.26829268292683,60.292682926829265,0.0,1.02,17.022499999999997,52.20713636363635,1.1157368421052631,33.27333333333333,3.4374999999999996,4.363783783783783,13.766666666666666,27.3 ,430,3
25,Botswana,4388,243.77777777777777,3461,192.27777777777777,449,24.944444444444443,41,2.2777777777777777,1191,66.16666666666667,16325,906.9444444444445,1934,107.44444444444444,88.97560975609755,51.92307692307692,87.60975609756098,26.0,69.21875,28.5,90.07317073170732,94.53658536585365,,1.29,3.409352941176471,28.703499999999995,1.04225,18.0,16.087500000000002,6.294054054054054,20.3,21.2 ,25880,729
26,Brazil,118855,6603.055555555556,107661,5981.166666666667,21336,1185.3333333333333,338,18.77777777777778,1,0.05555555555555555,3419,189.94444444444446,59424,3301.3333333333335,77.85365853658537,62.38461538461539,84.6829268292683,66.80952380952381,63.3125,62.7,79.4390243902439,86.39024390243902,NaN,NaN,15.3955,45.076619047619054,4.870888888888889,23.952941176470585,8.25,3.672972972972973,20.6,11.5 ,766324,21570
27,Brunei Darussalam,67,3.7222222222222223,62,3.4444444444444446,8,0.4444444444444444,0,0.0,0,0.0,3,0.16666666666666666,13,0.7222222222222222,93.3170731707317,NaN,93.58536585365853,90.80952380952381,91.71875,58.06666666666667,92.95121951219512,93.92682926829268,0.49,1.44,13.532866666666667,61.30017647058824,1.1773636363636362,25.630000000000003,10.606250000000001,2.1594594594594594,NaN,5.8 ,NaN,NaN
28,Bulgaria,2915,161.94444444444446,343,19.055555555555557,279,15.5,0,0.0,10,0.5555555555555556,1,0.05555555555555555,241,13.38888888888889,93.07317073170732,68.46153846153847,92.6829268292683,85.76190476190476,80.8125,30.466666666666665,93.26829268292683,95.65853658536585,NaN,NaN,36.03426923076923,53.01855172413793,3.5910833333333336,67.55,9.05625,4.074594594594594,NaN,18.8 ,644,8
29,Burkina Faso,153948,8552.666666666666,69039,3835.5,45250,2513.8888888888887,507819,28212.166666666668,75700,4205.555555555556,20134,1118.5555555555557,104725,5818.055555555556,54.1219512195122,42.0,58.073170731707314,15.857142857142858,39.25,41.86666666666667,53.26829268292683,73.17073170731707,11.120000000000001,0.31,0.5790769230769229,5.8125833333333325,0.12676923076923077,6.5,14.356250000000001,12.975675675675676,23.96666666666667,36.8 ,664022,18985
30,Burundi,104891,5827.277777777777,28397,1577.611111111111,22334,1240.7777777777778,83957,4664.277777777777,5648,313.77777777777777,16155,897.5,72930,4051.6666666666665,71.6829268292683,58.69230769230769,69.6829268292683,22.857142857142858,46.5,49.6,72.36585365853658,79.90243902439025,5.54,0.5,0.5501250000000001,6.462777777777777,0.03975,11.299999999999999,16.2125,8.936756756756756,72.05000000000001,35.6 ,403464,11653
31,Cabo Verde,740,41.111111111111114,279,15.5,66,3.6666666666666665,1,0.05555555555555555,176,9.777777777777779,157,8.722222222222221,295,16.38888888888889,78.17073170731707,NaN,74.34146341463415,38.666666666666664,50.96875,28.533333333333335,78.04878048780488,82.0,3.8200000000000003,1.0,5.986166666666667,10.6862,0.06085714285714285,21.0,NaN,8.860540540540539,49.25,32.0 ,2153,57
32,Cambodia,70707,3928.1666666666665,22369,1242.7222222222222,12192,677.3333333333334,3416,189.77777777777777,4728,262.6666666666667,4173,231.83333333333334,38662,2147.8888888888887,56.80487804878049,31.53846153846154,56.09756097560975,24.142857142857142,39.28125,30.066666666666666,55.609756097560975,66.36585365853658,6.785,0.57,1.917666666666667,8.861533333333334,0.37229999999999996,8.0,13.475000000000001,9.041621621621623,47.73333333333333,24.0 ,327601,9454
33,Cameroon,243046,13502.555555555555,60128,3340.4444444444443,42060,2336.6666666666665,277966,15442.555555555555,15177,843.1666666666666,75145,4174.722222222223,175356,9742.0,55.26829268292683,48.69230769230769,51.951219512195124,NaN,37.1875,28.8,55.58536585365854,68.85365853658537,0.675,0.79,0.9181666666666667,5.943428571428571,0.03833333333333333,14.0,12.46875,10.04054054054054,18.85,65.3 ,479153,13693
34,Canada,641,35.611111111111114,1020,56.666666666666664,341,18.944444444444443,0,0.0,0,0.0,3,0.16666666666666666,92,5.111111111111111,72.41463414634147,65.38461538461539,73.8048780487805,32.76190476190476,25.03125,72.0,72.34146341463415,NaN,,2.27,24.338,101.01857142857143,11.0105,29.675,6.012499999999999,1.4356756756756759,NaN,6.5 ,1573,2
35,Central African Republic,58408,3244.8888888888887,19555,1086.388888888889,15269,848.2777777777778,114771,6376.166666666667,13258,736.5555555555555,20134,1118.5555555555557,40088,2227.1111111111113,39.65853658536585,27.692307692307693,41.58536585365854,NaN,15.1875,16.2,40.170731707317074,64.02439024390245,2.04,0.48,0.60875,2.355,0.0325,11.0,15.093750000000004,11.41081081081081,18.825,49.5 ,115396,3273
36,Chad,311151,17286.166666666668,50071,2781.722222222222,75350,4186.111111111111,151263,8403.5,34478,1915.4444444444443,20000,1111.111111111111,211463,11747.944444444445,25.78048780487805,NaN,26.73170731707317,NaN,14.0,14.933333333333334,23.414634146341463,40.26829268292683,0.0,0.65,0.3743846153846153,1.8782307692307691,0.047428571428571424,4.0,NaN,11.47783783783784,3.4799999999999995,53.0 ,387567,11123
37,Chile,2284,126.88888888888889,1203,66.83333333333333,595,33.05555555555556,0,0.0,0,0.0,52,2.888888888888889,170,9.444444444444445,91.5609756097561,59.30769230769231,91.70731707317073,67.19047619047619,41.03125,74.9,91.60975609756098,93.5609756097561,0.12,1.04,25.132166666666667,76.95975,3.914666666666667,22.857894736842105,5.76875,3.125945945945946,NaN,21.0 ,3721,8
38,China,913954,50775.22222222222,58304,3239.1111111111113,77115,4284.166666666667,78,4.333333333333333,28746,1597.0,7228,401.55555555555554,236571,13142.833333333334,84.14634146341463,NaN,80.7560975609756,69.14285714285714,56.25,NaN,80.78048780487805,79.8780487804878,,,13.658000000000001,13.948666666666668,2.9080952380952385,25.47222222222222,5.275,2.54972972972973,23.1,49.2 ,1800455,49195
39,Colombia,29852,1658.4444444444443,20066,1114.7777777777778,4331,240.61111111111111,249,13.833333333333334,0,0.0,650,36.111111111111114,10563,586.8333333333334,78.29268292682927,60.53846153846154,77.0,77.14285714285714,68.34375,62.1,75.48780487804878,84.48780487804878,NaN,NaN,19.233357142857137,9.590312500000003,,15.822222222222223,10.200000000000001,4.755675675675676,18.849999999999998,15.2 ,62385,1478
40,Comoros,7015,389.72222222222223,2337,129.83333333333334,1400,77.77777777777777,438,24.333333333333332,0,0.0,36,2.0,4052,225.11111111111111,65.04878048780488,NaN,60.51219512195122,NaN,42.4375,30.5,64.02439024390245,73.60975609756098,1.63,0.68,1.85575,6.9955,0.246,21.8,24.949999999999996,8.452972972972972,8.266666666666667,18.6 ,5720,155
41,Congo,29581,1643.388888888889,9295,516.3888888888889,4014,223.0,21184,1176.888888888889,9397,522.0555555555555,16538,918.7777777777778,17715,984.1666666666666,59.926829268292686,41.07692307692308,57.31707317073171,0.42857142857142855,30.21875,27.666666666666668,59.951219512195124,72.63414634146342,NaN,NaN,2.4663333333333335,10.02088888888889,0.29849999999999993,16.0,12.4875,9.912972972972971,24.066666666666663,38.7 ,40840,1142
42,Cook Islands,9,0.5,0,0.0,0,0.0,0,0.0,0,0.0,0,0.0,0,0.0,86.46341463414635,NaN,80.39024390243902,84.14285714285714,86.59375,35.43333333333333,85.46341463414635,88.97560975609755,NaN,NaN,11.34675,60.68339999999999,0.8179999999999998,NaN,3.6000000000000014,NaN,NaN,12.0 ,24,1
43,Costa Rica,769,42.72222222222222,432,24.0,134,7.444444444444445,0,0.0,0,0.0,6,0.3333333333333333,242,13.444444444444445,86.97560975609755,73.15384615384616,85.53658536585365,50.714285714285715,64.28125,63.46666666666667,87.39024390243902,84.29268292682927,0.695,0.84,20.806928571428575,23.293999999999997,6.399,13.004999999999999,7.062500000000001,4.158918918918918,32.5,15.9 ,1627,16
44,Côte d'Ivoire,217853,12102.944444444445,98020,5445.555555555556,42057,2336.5,282455,15691.944444444445,25978,1443.2222222222222,85906,4772.555555555556,143386,7965.888888888889,53.09756097560975,30.692307692307693,52.951219512195124,NaN,42.5625,29.033333333333335,53.5609756097561,64.48780487804878,12.004999999999999,1.71,1.5094285714285716,5.437090909090909,0.4216666666666666,4.0,16.49375,11.181621621621622,8.557142857142857,23.7 ,580373,16533
45,Croatia,166,9.222222222222221,222,12.333333333333334,73,4.055555555555555,0,0.0,0,0.0,0,0.0,15,0.8333333333333334,63.853658536585364,NaN,63.68292682926829,87.9047619047619,38.5,56.53333333333333,63.707317073170735,66.97560975609755,0.3,1.54,27.311647058823528,53.073407407407416,5.2925,57.0611111111111,5.0375000000000005,4.151891891891892,23.5,17.0 ,183,0
46,Cuba,1609,89.38888888888889,922,51.22222222222222,423,23.5,0,0.0,0,0.0,9,0.5,228,12.666666666666666,94.51219512195122,NaN,90.70731707317073,67.66666666666667,81.59375,68.36666666666666,91.5609756097561,96.09756097560975,0.64,2.04,62.32599999999999,91.01559999999998,,51.74285714285714,5.4125,4.478378378378378,37.25,18.4 ,2190,9
47,Cyprus,14,0.7777777777777778,15,0.8333333333333334,15,0.8333333333333334,0,0.0,0,0.0,0,0.0,0,0.0,85.78048780487805,31.153846153846153,74.26829268292683,54.76190476190476,75.9375,53.13333333333333,85.92682926829268,NaN,3.385,7.54,19.83915384615384,33.03978571428571,1.606076923076923,36.50714285714286,NaN,2.4156756756756756,12.0,16.8 ,313,7
48,Czechia,406,22.555555555555557,266,14.777777777777779,119,6.611111111111111,0,0.0,0,0.0,0,0.0,43,2.388888888888889,64.29268292682927,NaN,63.97560975609756,91.42857142857143,54.53125,58.53333333333333,64.39024390243902,40.51219512195122,0.16,1.29,34.9342,81.59522222222222,5.173482758620689,71.92631578947368,7.1625,3.8902702702702707,18.0,15.1 ,499,3
49,Democratic People's Republic of Korea,38343,2130.1666666666665,12260,681.1111111111111,7590,421.6666666666667,0,0.0,60,3.3333333333333335,72,4.0,18146,1008.1111111111111,84.39024390243902,NaN,75.51219512195122,48.0,48.1875,23.366666666666667,74.95121951219512,82.07317073170732,3.955,6.86,34.654833333333336,41.873,3.6793333333333336,143.0,NaN,4.647027027027026,67.0,30.4 ,144470,4171
50,Democratic Republic of the Congo,732634,40701.88888888889,233226,12957.0,189608,10533.777777777777,1233827,68545.94444444444,649050,36058.333333333336,109232,6068.444444444444,491337,27296.5,42.46341463414634,31.153846153846153,43.73170731707317,NaN,26.34375,23.6,40.5609756097561,57.4390243902439,,0.45,0.9165000000000001,7.079833333333333,0.04533333333333334,8.0,11.59375,10.70810810810811,33.42,37.6 ,3011743,86843
51,Denmark,81,4.5,90,5.0,64,3.5555555555555554,2,0.1111111111111111,0,0.0,0,0.0,18,1.0,93.53658536585365,78.07692307692308,71.63414634146342,78.95238095238095,NaN,83.36666666666666,89.21951219512195,NaN,4.494999999999999,1.01,32.62931034482758,97.18203703703702,4.520629629629629,33.926315789473676,5.281249999999999,1.671351351351351,17.0,10.1 ,375,3
52,Djibouti,5121,284.5,1811,100.61111111111111,824,45.77777777777778,23,1.2777777777777777,1019,56.611111111111114,1266,70.33333333333333,3267,181.5,53.34146341463415,42.69230769230769,52.073170731707314,31.047619047619047,31.71875,33.86666666666667,53.41463414634146,60.390243902439025,NaN,NaN,1.8708000000000002,6.2554,1.0621666666666665,15.313333333333333,NaN,7.477837837837837,12.4,40.4 ,16683,484
53,Dominica,17,0.9444444444444444,51,2.8333333333333335,0,0.0,0,0.0,0,0.0,0,0.0,0,0.0,92.3170731707317,NaN,86.2439024390244,83.0952380952381,39.4375,42.06666666666667,93.2439024390244,91.95121951219512,0.0,5.56,11.348999999999998,62.331714285714284,2.582,NaN,NaN,5.027027027027027,NaN,18.2 ,18,0
54,Dominican Republic,16412,911.7777777777778,11218,623.2222222222222,1560,86.66666666666667,12,0.6666666666666666,0,0.0,3095,171.94444444444446,7330,407.22222222222223,72.8048780487805,21.76923076923077,70.39024390243902,4.333333333333333,54.25,46.333333333333336,70.78048780487805,79.0,NaN,NaN,14.6728,14.048599999999999,2.5535,15.872727272727273,11.506249999999998,4.528648648648649,9.754545454545454,12.9 ,29059,777
55,Ecuador,15637,868.7222222222222,5238,291.0,1030,57.22222222222222,75,4.166666666666667,0,0.0,579,32.166666666666664,2235,124.16666666666667,72.17073170731707,59.61538461538461,75.21951219512195,40.714285714285715,52.125,48.6,72.02439024390245,91.65853658536585,0.375,0.33,15.009750000000002,18.75586956521739,0.33343750000000005,15.328571428571431,11.537500000000001,5.035675675675675,32.225,14.9 ,34040,904
56,Egypt,174262,9681.222222222223,46185,2565.8333333333335,17962,997.8888888888889,0,0.0,8980,498.8888888888889,408,22.666666666666668,76641,4257.833333333333,88.17073170731707,NaN,83.65853658536585,91.0952380952381,75.0,18.866666666666667,85.51219512195122,86.07317073170732,0.255,0.62,7.534,19.954875,4.0388,16.788888888888888,NaN,5.528648648648648,48.24285714285714,79.3 ,288944,7727
57,El Salvador,7548,419.3333333333333,2326,129.22222222222223,873,48.5,0,0.0,0,0.0,673,37.388888888888886,3433,190.72222222222223,76.41463414634147,67.0,78.58536585365853,68.33333333333333,56.21875,54.13333333333333,76.48780487804878,77.41463414634147,0.05,0.47,17.673833333333334,17.33657142857143,4.2165,11.142857142857142,10.56875,3.6054054054054054,26.52,23.4 ,20075,537
58,Equatorial Guinea,9193,510.72222222222223,2334,129.66666666666666,880,48.888888888888886,16024,890.2222222222222,3808,211.55555555555554,3636,202.0,5623,312.3888888888889,44.609756097560975,NaN,46.21951219512195,NaN,9.53125,10.166666666666666,43.292682926829265,65.26829268292683,NaN,NaN,3.0755,4.402,0.16699999999999998,20.0,NaN,10.287567567567569,13.850000000000001,45.9 ,16837,480
59,Eritrea,32068,1781.5555555555557,11105,616.9444444444445,6416,356.44444444444446,486,27.0,9000,500.0,2497,138.72222222222223,17919,995.5,56.97560975609756,29.23076923076923,56.36585365853659,20.952380952380953,52.5625,37.86666666666667,56.78048780487805,59.68292682926829,0.9750000000000001,0.36,0.79,12.655000000000001,0.063,9.5,NaN,9.918378378378378,59.86666666666667,42.4 ,93881,2673
60,Estonia,69,3.8333333333333335,84,4.666666666666667,27,1.5,0,0.0,0,0.0,2,0.1111111111111111,6,0.3333333333333333,59.78048780487805,NaN,60.048780487804876,88.9047619047619,46.625,45.56666666666667,59.951219512195124,64.1219512195122,,1.94,32.24189285714285,69.03468965517241,6.087444444444444,54.50526315789473,4.418749999999999,3.908108108108108,NaN,6.7 ,102,0
61,Eswatini,9883,549.0555555555555,1996,110.88888888888889,1178,65.44444444444444,0,0.0,10,0.5555555555555556,17737,985.3888888888889,6448,358.22222222222223,77.60975609756098,39.15384615384615,78.90243902439025,75.80952380952381,66.5625,33.666666666666664,78.04878048780488,86.21951219512195,0.655,0.8,1.4349999999999998,40.477999999999994,0.34375,21.0,10.649999999999999,6.279999999999999,38.84,16.3 ,14150,398
62,Ethiopia,993191,55177.27777777778,339412,18856.222222222223,276348,15352.666666666666,79329,4407.166666666667,244737,13596.5,134225,7456.944444444444,581782,32321.222222222223,46.170731707317074,34.69230769230769,36.09756097560975,1.9523809523809523,24.90625,26.566666666666666,38.0,48.90243902439025,0.0,0.22,0.327875,3.4665555555555554,0.07462500000000001,2.65,NaN,9.074594594594593,52.95,34.4 ,3022045,87323
63,Fiji,1092,60.666666666666664,325,18.055555555555557,211,11.722222222222221,0,0.0,69,3.8333333333333335,19,1.0555555555555556,359,19.944444444444443,89.41463414634147,52.38461538461539,77.1951219512195,66.19047619047619,81.0,75.73333333333333,89.51219512195122,95.65853658536585,,0.0,5.5195,27.058749999999996,1.029,20.2,NaN,5.9232432432432445,39.8,10.2 ,609,10
64,Finland,78,4.333333333333333,104,5.777777777777778,23,1.2777777777777777,0,0.0,0,0.0,0,0.0,10,0.5555555555555556,92.04878048780488,69.3076923076923,89.51219512195122,17.285714285714285,NaN,89.56666666666666,94.1219512195122,62.4390243902439,3.6,1.38,31.788360000000008,160.9336,12.99445,58.715789473684204,4.206250000000001,1.7027027027027024,1.0,5.9 ,248,0
65,France,899,49.94444444444444,2247,124.83333333333333,947,52.611111111111114,0,0.0,0,0.0,26,1.4444444444444444,703,39.05555555555556,92.73170731707317,69.53846153846153,69.21951219512195,36.04761904761905,38.8125,68.53333333333333,92.41463414634147,55.4390243902439,NaN,NaN,53.87103448275862,85.95320000000001,11.14126315789474,67.9421052631579,7.46875,1.7513513513513514,NaN,11.6 ,NaN,NaN
66,Gabon,7969,442.72222222222223,2913,161.83333333333334,825,45.833333333333336,3526,195.88888888888889,6938,385.44444444444446,4726,262.55555555555554,4312,239.55555555555554,54.02439024390244,NaN,53.19512195121951,NaN,33.09375,24.766666666666666,56.02439024390244,84.63414634146342,2.335,3.53,2.9958750000000003,34.99,0.2857,13.0,14.774999999999999,9.518918918918919,5.25,38.5 ,6879,184
67,Gambia,16140,896.6666666666666,8782,487.8888888888889,2975,165.27777777777777,4937,274.27777777777777,881,48.94444444444444,2212,122.88888888888889,12325,684.7222222222222,86.02439024390245,72.76923076923077,84.70731707317073,25.80952380952381,79.34375,69.0,85.46341463414635,93.92682926829268,1.7349999999999999,0.7,1.0664444444444443,8.4176,0.07771428571428572,11.0,17.85625,11.592972972972971,36.15,32.2 ,25114,709
68,Georgia,2530,140.55555555555554,1296,72.0,315,17.5,0,0.0,11,0.6111111111111112,31,1.7222222222222223,407,22.61111111111111,58.26829268292683,25.846153846153847,55.58536585365854,70.47619047619048,50.1875,29.9,57.34146341463415,59.19512195121951,,2.21,44.68454166666667,42.92291666666667,0.9068749999999999,35.239999999999995,5.524999999999999,4.161621621621621,33.3,21.2 ,13713,400
69,Germany,1152,64.0,1053,58.5,721,40.05555555555556,0,0.0,4,0.2222222222222222,16,0.8888888888888888,193,10.722222222222221,89.21951219512195,76.53846153846153,81.73170731707317,77.95238095238095,66.4375,86.66666666666667,85.1219512195122,NaN,NaN,NaN,35.09771428571428,129.1554736842105,5.96025,84.13888888888889,6.7875,1.696756756756757,NaN,11.7 ,3419,7
70,Ghana,130127,7229.277777777777,76759,4264.388888888889,21910,1217.2222222222222,146389,8132.722222222223,20600,1144.4444444444443,51183,2843.5,79434,4413.0,67.34146341463415,54.15384615384615,67.53658536585365,26.666666666666668,50.875,54.266666666666666,67.48780487804878,77.29268292682927,9.41,1.36,1.0192142857142856,19.2438,0.28275,9.0,15.06875,11.14,38.662499999999994,31.9 ,256261,7077
71,Greece,410,22.77777777777778,64,3.5555555555555554,81,4.5,0,0.0,0,0.0,1,0.05555555555555555,0,0.0,93.1951219512195,49.23076923076923,76.8048780487805,49.95238095238095,67.125,68.86666666666666,86.1219512195122,27.195121951219512,NaN,NaN,49.105482758620695,47.227199999999996,9.9162,45.705263157894734,8.79375,1.858918918918919,1.0,15.7 ,NaN,NaN
72,Grenada,34,1.8888888888888888,41,2.2777777777777777,0,0.0,0,0.0,0,0.0,0,0.0,5,0.2777777777777778,83.97560975609755,NaN,76.70731707317073,69.19047619047619,56.65625,61.56666666666667,84.34146341463415,NaN,4.755,0.94,7.471333333333332,38.926375,6.8,36.74285714285714,NaN,5.382162162162162,NaN,21.6 ,47,1
73,Guatemala,53715,2984.1666666666665,21317,1184.2777777777778,5534,307.44444444444446,30,1.6666666666666667,0,0.0,2252,125.11111111111111,27993,1555.1666666666667,70.21951219512195,38.07692307692308,67.48780487804878,14.285714285714286,40.375,42.96666666666667,68.46341463414635,70.41463414634147,0.52,0.34,6.03475,10.447833333333334,0.039,5.283333333333334,11.5,5.859999999999999,47.800000000000004,23.6 ,91822,2532
74,Guinea,136799,7599.944444444444,47256,2625.3333333333335,30876,1715.3333333333333,186230,10346.111111111111,39413,2189.6111111111113,15551,863.9444444444445,85794,4766.333333333333,40.41463414634146,NaN,43.24390243902439,NaN,21.3125,18.933333333333334,40.41463414634146,59.78048780487805,3.835,0.37,0.9504000000000001,3.7405,0.14525,3.0,NaN,11.521621621621621,23.32,22.4 ,255264,7327
75,Guinea-Bissau,22940,1274.4444444444443,8424,468.0,4903,272.3888888888889,6583,365.72222222222223,8439,468.8333333333333,5521,306.72222222222223,15639,868.8333333333334,57.707317073170735,27.53846153846154,60.41463414634146,NaN,29.65625,31.766666666666666,57.926829268292686,75.21951219512195,35.035,56.45,1.1263333333333334,6.255222222222222,0.05499999999999999,10.0,23.125000000000004,10.816216216216215,33.45,27.1 ,74214,2132
76,Guyana,949,52.72222222222222,1088,60.44444444444444,148,8.222222222222221,233,12.944444444444445,0,0.0,303,16.833333333333332,869,48.27777777777778,81.65853658536585,61.92307692307692,77.09756097560975,76.47619047619048,56.0,59.733333333333334,81.5609756097561,86.95121951219512,15.2,3.38,8.02925,10.285111111111112,0.14550000000000002,17.15,15.893749999999999,6.258918918918919,21.050000000000004,20.5 ,3818,105
77,Haiti,93278,5182.111111111111,19203,1066.8333333333333,18883,1049.0555555555557,701,38.94444444444444,0,0.0,11949,663.8333333333334,53961,2997.8333333333335,45.24390243902439,3.3076923076923075,46.02439024390244,6.190476190476191,13.6875,14.6,44.46341463414634,70.60975609756098,0.295,0.24,1.8514,4.9205,0.193,7.1,NaN,9.083243243243242,29.179999999999996,14.6 ,185575,5286
78,Honduras,12725,706.9444444444445,6615,367.5,1639,91.05555555555556,26,1.4444444444444444,0,0.0,1451,80.61111111111111,7085,393.6111111111111,83.02439024390245,64.0,82.17073170731707,8.523809523809524,58.90625,62.833333333333336,82.09756097560975,83.51219512195122,0.755,0.36,4.2410000000000005,8.257222222222222,0.534,6.371428571428573,11.35,5.011351351351352,31.433333333333334,20.1 ,36422,1004
79,Hungary,617,34.27777777777778,159,8.833333333333334,210,11.666666666666666,0,0.0,0,0.0,1,0.05555555555555555,39,2.1666666666666665,96.4390243902439,65.0,96.58536585365853,94.28571428571429,NaN,69.3,96.58536585365853,96.58536585365853,0.11,1.02,31.867965517241373,68.30646666666668,5.282655172413794,73.95789473684209,8.475,3.975135135135135,44.0,15.6 ,822,2
80,Iceland,0,0.0,4,0.2222222222222222,3,0.16666666666666666,0,0.0,0,0.0,0,0.0,0,0.0,93.90243902439025,54.84615384615385,85.07317073170732,75.52380952380952,NaN,92.3,93.95121951219512,NaN,1.8450000000000002,3.64,37.797900000000006,178.141,4.969666666666666,33.26153846153846,3.7375000000000003,1.6594594594594594,13.0,5.9 ,18,0
81,India,5450842,302824.55555555556,2231425,123968.05555555556,970301,53905.61111111111,59559,3308.8333333333335,1033484,57415.77777777778,102417,5689.833333333333,3563321,197962.27777777778,55.5609756097561,1.6153846153846154,53.829268292682926,26.904761904761905,26.28125,14.5,56.97560975609756,61.926829268292686,NaN,NaN,6.909809523809524,14.155555555555559,5.330923076923075,5.125000000000001,NaN,9.710810810810809,48.525,65.2 ,14210426,403518
82,Indonesia,566430,31468.333333333332,190194,10566.333333333334,69007,3833.722222222222,11710,650.5555555555555,205330,11407.222222222223,21135,1174.1666666666667,254549,14141.611111111111,63.65853658536585,0.23076923076923078,62.073170731707314,45.142857142857146,62.03125,15.233333333333333,61.609756097560975,77.1219512195122,3.49,0.43,2.7536999999999994,17.205,0.6798571428571429,8.388888888888891,10.5125,5.934594594594594,39.78333333333333,15.6 ,978230,27410
83,Iran (Islamic Republic of),78068,4337.111111111111,39924,2218.0,9172,509.55555555555554,1,0.05555555555555555,504,28.0,986,54.77777777777778,31780,1765.5555555555557,85.51219512195122,NaN,84.41463414634147,92.66666666666667,76.46875,16.466666666666665,83.82926829268293,81.48780487804878,NaN,NaN,10.964714285714289,18.309125,2.001571428571429,15.961111111111112,NaN,5.65027027027027,48.6,35.1 ,NaN,NaN
84,Iraq,112483,6249.055555555556,54361,3020.0555555555557,11761,653.3888888888889,0,0.0,3677,204.27777777777777,0,0.0,48105,2672.5,69.6829268292683,7.846153846153846,67.04878048780488,60.857142857142854,50.8125,18.9,68.65853658536585,91.02439024390245,,0.95,8.198,18.641666666666666,2.6462,13.027777777777779,NaN,5.176756756756757,18.8,57.7 ,567672,16429
85,Ireland,125,6.944444444444445,122,6.777777777777778,128,7.111111111111111,0,0.0,3,0.16666666666666666,0,0.0,8,0.4444444444444444,83.34146341463415,65.92307692307692,70.1219512195122,NaN,28.0625,69.33333333333333,73.46341463414635,56.80487804878049,NaN,NaN,29.036166666666666,133.38794736842104,10.148099999999996,40.747368421052634,5.156250000000002,1.738918918918919,NaN,8.3 ,NaN,NaN
86,Israel,227,12.61111111111111,295,16.38888888888889,153,8.5,2,0.1111111111111111,0,0.0,5,0.2777777777777778,79,4.388888888888889,91.41463414634147,64.92307692307692,90.90243902439025,85.47619047619048,84.3125,81.7,90.97560975609755,5.195121951219512,0.01,0.56,60.424233333333326,63.70088,7.199208333333332,33.54736842105264,8.16875,1.7751351351351352,11.0,19.5 ,NaN,NaN
87,Italy,595,33.05555555555556,1203,66.83333333333333,303,16.833333333333332,1,0.05555555555555555,4,0.2222222222222222,18,1.0,50,2.7777777777777777,85.3170731707317,75.46153846153847,55.51219512195122,28.333333333333332,86.3125,60.53333333333333,69.1219512195122,NaN,,2.08,68.6949,56.08329999999999,10.569999999999999,37.4578947368421,7.018749999999999,1.8064864864864865,5.0,15.3 ,NaN,NaN
88,Jamaica,619,34.388888888888886,1504,83.55555555555556,113,6.277777777777778,0,0.0,0,0.0,926,51.44444444444444,152,8.444444444444445,82.92682926829268,NaN,72.53658536585365,75.0,48.3125,51.46666666666667,82.17073170731707,83.36585365853658,,0.75,4.713,13.898555555555555,0.2668333333333333,17.133333333333336,14.9125,4.461621621621622,19.5,13.3 ,4966,125
89,Japan,4469,248.27777777777777,1424,79.11111111111111,565,31.38888888888889,0,0.0,34,1.8888888888888888,4,0.2222222222222222,933,51.833333333333336,88.6829268292683,67.76923076923077,84.90243902439025,52.61904761904762,3.09375,29.566666666666666,87.04878048780488,57.80487804878049,NaN,NaN,20.655399999999997,104.05766666666668,14.931099999999997,137.1,9.387500000000001,1.7491891891891895,NaN,11.4 ,5685,19
90,Jordan,7525,418.05555555555554,4259,236.61111111111111,1152,64.0,0,0.0,0,0.0,34,1.8888888888888888,2597,144.27777777777777,89.21951219512195,NaN,84.4390243902439,89.23809523809524,73.3125,60.1,89.3170731707317,38.36585365853659,,1.94,21.429470588235297,31.451166666666673,12.091444444444443,17.188888888888886,14.175,5.183783783783783,24.160000000000004,32.1 ,15875,416
91,Kazakhstan,20764,1153.5555555555557,6885,382.5,2290,127.22222222222223,0,0.0,0,0.0,143,7.944444444444445,9770,542.7777777777778,64.63414634146342,46.15384615384615,66.51219512195122,93.61904761904762,64.75,36.7,64.2439024390244,63.63414634146341,,3.52,37.305719999999994,79.35153846153845,6.415807692307693,72.94666666666669,5.6625,5.659459459459458,26.259999999999998,11.3 ,97988,2872
92,Kenya,259754,14430.777777777777,92542,5141.222222222223,48330,2685.0,89281,4960.055555555556,7185,399.1666666666667,185690,10316.111111111111,159817,8878.722222222223,72.92682926829268,57.07692307692308,71.09756097560975,8.80952380952381,48.5,51.766666666666666,73.4390243902439,80.90243902439025,6.27,1.47,1.7094444444444445,8.85525,0.539,14.0,12.000000000000004,8.48972972972973,24.62857142857143,25.9 ,733702,20841
93,Kiribati,611,33.94444444444444,143,7.944444444444445,109,6.055555555555555,0,0.0,2,0.1111111111111111,0,0.0,355,19.72222222222222,69.4390243902439,40.92307692307692,61.41463414634146,33.333333333333336,68.40625,35.4,72.1951219512195,80.2439024390244,142.675,0.0,2.4965,37.57185714285714,0.3047142857142857,18.6,NaN,5.890810810810811,69.0,10.5 ,710,20
94,Kuwait,564,31.333333333333332,119,6.611111111111111,72,4.0,0,0.0,0,0.0,1,0.05555555555555555,38,2.111111111111111,91.78048780487805,89.6923076923077,90.39024390243902,67.0,83.21875,71.46666666666667,91.26829268292683,33.02439024390244,NaN,NaN,22.2927,59.75335714285713,3.4170000000000003,20.505555555555556,10.049999999999995,4.008108108108109,NaN,57.2 ,NaN,NaN
95,Kyrgyzstan,19136,1063.111111111111,3132,174.0,1193,66.27777777777777,0,0.0,6,0.3333333333333333,27,1.5,3978,221.0,64.41463414634147,21.23076923076923,66.41463414634147,92.61904761904762,57.40625,31.766666666666666,64.3170731707317,66.53658536585365,,2.63,27.388160000000006,75.17319230769232,0.45829411764705885,51.53333333333333,6.025,6.049729729729731,44.166666666666664,18.1 ,42705,1238
96,Lao People's Democratic Republic,56328,3129.3333333333335,12118,673.2222222222222,7859,436.6111111111111,610,33.888888888888886,10827,601.5,827,45.94444444444444,34296,1905.3333333333333,45.73170731707317,24.153846153846153,46.073170731707314,5.428571428571429,35.53125,25.266666666666666,43.707317073170735,49.951219512195124,11.86,2.25,3.282555555555556,10.492928571428573,2.076,15.0,18.687499999999996,7.042162162162162,28.400000000000002,24.5 ,65015,1870
97,Latvia,186,10.333333333333334,98,5.444444444444445,43,2.388888888888889,0,0.0,0,0.0,1,0.05555555555555555,14,0.7777777777777778,64.85365853658537,55.84615384615385,64.4390243902439,89.33333333333333,62.4375,71.86666666666666,64.53658536585365,65.58536585365853,1.4449999999999998,1.56,32.82251724137931,48.39206666666666,6.885,68.55263157894737,4.75,3.939459459459459,16.0,12.7 ,158,0
98,Lebanon,1166,64.77777777777777,637,35.388888888888886,170,9.444444444444445,0,0.0,174,9.666666666666666,36,2.0,477,26.5,66.2439024390244,18.923076923076923,61.146341463414636,52.0,52.28125,46.4,67.2439024390244,NaN,0.065,3.09,22.931181818181816,15.114090909090907,10.707923076923079,31.92777777777778,9.45625,4.0313513513513515,NaN,30.7 ,5399,139
99,Lesotho,16258,903.2222222222222,6061,336.72222222222223,2387,132.61111111111111,0,0.0,517,28.72222222222222,23848,1324.888888888889,10011,556.1666666666666,80.70731707317073,29.0,77.17073170731707,67.0,44.375,32.93333333333333,81.5609756097561,89.1951219512195,NaN,NaN,0.5665,14.928666666666667,0.015,13.0,14.96875,7.1702702702702705,37.34,27.8 ,5035,121
100,Liberia,46261,2570.0555555555557,14359,797.7222222222222,11554,641.8888888888889,36165,2009.1666666666667,17998,999.8888888888889,7751,430.6111111111111,31923,1773.5,35.4390243902439,32.69230769230769,35.36585365853659,0.6190476190476191,29.125,31.066666666666666,33.170731707317074,40.926829268292686,1.0899999999999999,0.37,0.2632,5.0024,0.0895,7.5,NaN,10.842702702702702,32.6,17.2 ,166895,4831
101,Libya,4384,243.55555555555554,1881,104.5,645,35.833333333333336,0,0.0,0,0.0,0,0.0,1040,57.77777777777778,87.46341463414635,34.23076923076923,85.5609756097561,83.0,81.59375,39.06666666666667,87.46341463414635,92.14634146341463,1.66,2.64,17.609,58.640714285714296,4.115428571428572,37.205555555555556,NaN,5.0027027027027025,NaN,44.2 ,NaN,NaN
102,Lithuania,290,16.11111111111111,184,10.222222222222221,117,6.5,0,0.0,0,0.0,0,0.0,14,0.7777777777777778,63.146341463414636,25.0,64.92682926829268,89.33333333333333,64.34375,47.766666666666666,62.951219512195124,66.95121951219512,19.195,2.15,38.92575,83.08344827586207,8.11676923076923,73.64736842105262,4.625000000000001,3.8740540540540542,NaN,11.5 ,NaN,NaN
103,Luxembourg,3,0.16666666666666666,10,0.5555555555555556,4,0.2222222222222222,0,0.0,0,0.0,0,0.0,0,0.0,86.34146341463415,85.07692307692308,78.97560975609755,33.142857142857146,63.5,74.36666666666666,85.65853658536585,NaN,,1.13,28.403611111111108,101.2775652173913,6.907428571428571,52.331250000000004,6.218749999999998,1.692972972972973,6.0,10.2 ,40,0
104,Madagascar,194480,10804.444444444445,45785,2543.6111111111113,37506,2083.6666666666665,20119,1117.7222222222222,16453,914.0555555555555,1912,106.22222222222223,113891,6327.277777777777,53.707317073170735,40.07692307692308,47.853658536585364,NaN,41.1875,28.8,55.0,65.48780487804878,0.28500000000000003,0.47,1.658307692307692,2.536533333333333,0.003583333333333333,2.5,18.3125,9.127567567567567,49.53333333333333,21.4 ,547959,15631
105,Malawi,129752,7208.444444444444,52454,2914.1111111111113,27250,1513.888888888889,173063,9614.611111111111,7426,412.55555555555554,108137,6007.611111111111,88833,4935.166666666667,80.07317073170732,55.46153846153846,77.97560975609755,13.476190476190476,50.40625,53.766666666666666,81.34146341463415,87.82926829268293,2.415,0.4,0.23133333333333336,3.631833333333334,0.12533333333333332,12.0,15.581249999999999,10.378378378378379,58.78333333333333,22.1 ,517880,14964
106,Malaysia,4814,267.44444444444446,2987,165.94444444444446,1038,57.666666666666664,69,3.8333333333333335,0,0.0,433,24.055555555555557,1400,77.77777777777777,86.07317073170732,NaN,74.8048780487805,67.61904761904762,91.21875,49.93333333333333,86.36585365853658,95.46341463414635,,0.47,10.907714285714286,33.78241666666667,2.351857142857143,18.15,10.650000000000002,4.697837837837837,29.0,16.0 ,37071,886
107,Maldives,307,17.055555555555557,111,6.166666666666667,28,1.5555555555555556,0,0.0,26,1.4444444444444444,0,0.0,63,3.5,79.58536585365853,NaN,82.2439024390244,57.61904761904762,75.21875,21.733333333333334,79.3170731707317,83.0,37.595,6.67,11.9114,40.420750000000005,5.969,43.0,13.074999999999998,7.689729729729729,45.3,7.6 ,1632,45
108,Mali,283726,15762.555555555555,92419,5134.388888888889,67345,3741.3888888888887,321879,17882.166666666668,27367,1520.388888888889,16942,941.2222222222222,216612,12034.0,46.51219512195122,45.76923076923077,46.90243902439025,0.19047619047619047,39.21875,30.666666666666668,46.0,66.58536585365853,5.695,0.46,1.045,3.8812222222222226,0.11299999999999999,3.5,NaN,12.263243243243242,23.271428571428572,31.2 ,614756,17582
109,Malta,7,0.3888888888888889,6,0.3333333333333333,6,0.3333333333333333,0,0.0,0,0.0,0,0.0,0,0.0,83.8048780487805,NaN,65.1951219512195,62.714285714285715,47.15625,68.26666666666667,75.02439024390245,26.170731707317074,1.8900000000000001,0.93,25.814166666666665,66.3734375,10.3618,59.57777777777778,6.7250000000000005,1.7994594594594593,36.0,14.0 ,NaN,NaN
110,Marshall Islands,208,11.555555555555555,65,3.611111111111111,26,1.4444444444444444,0,0.0,3,0.16666666666666666,0,0.0,116,6.444444444444445,59.80487804878049,43.30769230769231,59.170731707317074,60.38095238095238,65.875,46.53333333333333,60.4390243902439,64.95121951219512,97.515,3.8,5.321000000000001,31.394600000000004,0.7103333333333334,NaN,NaN,5.296756756756757,27.3,9.4 ,424,12
111,Mauritania,40185,2232.5,15936,885.3333333333334,6516,362.0,8552,475.1111111111111,8972,498.44444444444446,1193,66.27777777777777,25530,1418.3333333333333,49.829268292682926,34.38461538461539,56.36585365853659,NaN,34.125,27.8,51.31707317073171,78.70731707317073,4.04,1.03,1.5635714285714284,8.740428571428572,0.205,4.0,NaN,10.737837837837837,24.8,40.8 ,61522,1738
112,Mauritius,359,19.944444444444443,247,13.722222222222221,65,3.611111111111111,0,0.0,0,0.0,5,0.2777777777777778,79,4.388888888888889,90.85365853658537,22.076923076923077,78.82926829268293,67.19047619047619,67.6875,45.43333333333333,89.73170731707317,89.73170731707317,0.155,0.96,16.333,31.190999999999992,3.386416666666667,33.5,15.38125,7.0924324324324335,NaN,13.5 ,539,6
113,Mexico,104065,5781.388888888889,52351,2908.3888888888887,8405,466.94444444444446,0,0.0,0,0.0,1460,81.11111111111111,39225,2179.1666666666665,90.04878048780488,75.23076923076923,79.09756097560975,86.52380952380952,55.40625,62.266666666666666,79.09756097560975,82.95121951219512,,3.51,39.417421052631575,24.554599999999997,0.49,10.357894736842104,7.96875,4.537297297297297,23.174999999999997,20.1 ,112281,2439
114,Micronesia (Federated States of),345,19.166666666666668,108,6.0,45,2.5,0,0.0,11,0.6111111111111112,0,0.0,185,10.277777777777779,63.58536585365854,50.23076923076923,66.73170731707317,65.76190476190476,77.625,45.46666666666667,64.60975609756098,44.5609756097561,0.0,4.83,5.1084,20.9775,,NaN,NaN,5.078918918918919,NaN,10.2 ,437,12
115,Monaco,0,0.0,0,0.0,0,0.0,0,0.0,0,0.0,0,0.0,0,0.0,77.21951219512195,NaN,74.17073170731707,22.571428571428573,64.96875,69.3,77.21951219512195,56.75609756097561,,10.57,61.89799999999999,174.01916666666662,21.91316666666667,NaN,5.4625,NaN,NaN,12.2 ,3,0
116,Mongolia,5600,311.1111111111111,1683,93.5,836,46.44444444444444,0,0.0,95,5.277777777777778,11,0.6111111111111112,2897,160.94444444444446,89.0,6.769230769230769,76.17073170731707,91.14285714285714,81.46875,44.666666666666664,87.63414634146342,84.4390243902439,16.59,2.5,30.14554545454545,38.58483333333333,4.7376249999999995,70.0,5.75625,4.466486486486486,54.05,40.4 ,14759,426
117,Montenegro,65,3.611111111111111,30,1.6666666666666667,15,0.8333333333333334,0,0.0,0,0.0,0,0.0,0,0.0,31.024390243902438,NaN,25.4390243902439,57.23809523809524,36.9375,41.833333333333336,31.073170731707318,31.75609756097561,2.9,2.09,20.58988888888889,53.43116666666666,1.911,40.4888888888889,4.9375,4.117837837837838,18.05,20.2 ,NaN,NaN
118,Morocco,59733,3318.5,38554,2141.8888888888887,13438,746.5555555555555,0,0.0,385,21.38888888888889,378,21.0,28462,1581.2222222222222,80.73170731707317,58.07692307692308,78.90243902439025,43.42857142857143,58.84375,42.63333333333333,80.85365853658537,85.70731707317073,NaN,NaN,6.735333333333333,10.0856,2.6046666666666667,9.738888888888887,17.975,5.215135135135135,34.96,31.0 ,122209,3386
119,Mozambique,253156,14064.222222222223,106360,5908.888888888889,56767,3153.722222222222,341725,18984.722222222223,40322,2240.1111111111113,231753,12875.166666666666,163309,9072.722222222223,59.292682926829265,39.84615384615385,64.41463414634147,10.714285714285714,46.03125,30.666666666666668,61.63414634146341,73.2439024390244,NaN,NaN,0.5543,4.171238095238095,0.053200000000000004,7.5,14.91875,10.428108108108109,35.6,19.4 ,488940,13984
120,Myanmar,261500,14527.777777777777,78051,4336.166666666667,42249,2347.1666666666665,11185,621.3888888888889,25358,1408.7777777777778,8465,470.27777777777777,140168,7787.111111111111,64.3170731707317,21.846153846153847,62.609756097560975,40.476190476190474,38.96875,20.4,64.8780487804878,72.48780487804878,1.005,0.63,5.472769230769231,9.01190909090909,0.48200000000000004,9.933333333333334,12.99375,7.227027027027026,28.433333333333337,34.7 ,605273,17337
121,Namibia,10433,579.6111111111111,3072,170.66666666666666,1143,63.5,814,45.22222222222222,370,20.555555555555557,14284,793.5555555555555,5576,309.77777777777777,56.609756097560975,26.923076923076923,51.0,6.571428571428571,27.09375,28.9,56.8780487804878,62.48780487804878,2.3099999999999996,1.91,4.302,22.102125,1.5503333333333333,27.0,15.9125,7.474054054054055,26.025,22.6 ,2757,56
122,Nauru,18,1.0,14,0.7777777777777778,0,0.0,0,0.0,0,0.0,0,0.0,10,0.5555555555555556,65.73170731707317,NaN,47.58536585365854,80.19047619047619,76.0,33.96666666666667,67.53658536585365,81.51219512195122,,9.95,11.959999999999999,67.5095,4.668,NaN,NaN,NaN,67.2,12.5 ,NaN,NaN
123,Nepal,117109,6506.055555555556,61093,3394.0555555555557,22732,1262.888888888889,85,4.722222222222222,38502,2139.0,1502,83.44444444444444,56318,3128.777777777778,59.90243902439025,22.76923076923077,61.926829268292686,10.904761904761905,40.375,27.266666666666666,62.58536585365854,77.63414634146342,0.6950000000000001,0.38,6.265833333333334,21.905714285714282,0.7604,3.0,24.224999999999998,8.561081081081083,64.63333333333334,94.3 ,430767,12356
124,Netherlands,318,17.666666666666668,862,47.888888888888886,281,15.61111111111111,0,0.0,0,0.0,0,0.0,39,2.1666666666666665,94.2439024390244,80.15384615384616,92.17073170731707,79.52380952380952,20.25,73.63333333333334,94.2439024390244,NaN,,0.76,29.578857142857153,109.876,1.8280344827586201,40.95555555555555,6.368750000000001,1.725945945945946,18.0,12.1 ,894,1
125,New Zealand,423,23.5,181,10.055555555555555,164,9.11111111111111,0,0.0,0,0.0,0,0.0,46,2.5555555555555554,77.70731707317073,77.92307692307692,81.58536585365853,37.57142857142857,78.03125,67.8,83.1951219512195,NaN,NaN,NaN,25.831894736842106,108.4443,7.397450000000001,27.027272727272727,6.006249999999999,1.732432432432432,NaN,5.7 ,NaN,NaN
126,Nicaragua,11692,649.5555555555555,4554,253.0,888,49.333333333333336,11,0.6111111111111112,0,0.0,369,20.5,4075,226.38888888888889,84.4390243902439,65.0,78.48780487804878,13.238095238095237,60.6875,64.73333333333333,73.53658536585365,89.7560975609756,2.665,0.95,7.993533333333334,13.070928571428572,1.857,9.671428571428573,11.05,4.577297297297298,28.825000000000003,16.9 ,25178,689
127,Niger,351595,19533.055555555555,82504,4583.555555555556,112334,6240.777777777777,320947,17830.38888888889,73381,4076.722222222222,5788,321.55555555555554,250135,13896.388888888889,37.829268292682926,29.46153846153846,42.90243902439025,9.619047619047619,26.5625,28.333333333333332,37.951219512195124,51.8780487804878,5.34,0.55,0.36437500000000006,2.229375,0.017875000000000002,3.375,NaN,12.04054054054054,8.709999999999999,70.8 ,1076891,31324
128,Nigeria,2660590,147810.55555555556,552177,30676.5,484342,26907.88888888889,2650522,147251.22222222222,790646,43924.77777777778,385941,21441.166666666668,1749750,97208.33333333333,35.26829268292683,19.23076923076923,37.09756097560975,0.42857142857142855,21.15625,11.433333333333334,33.75609756097561,46.75609756097561,NaN,NaN,3.601000000000001,13.883545454545454,0.9267272727272726,5.0,NaN,11.024324324324326,14.150000000000002,48.7 ,4612735,129608
129,Niue,0,0.0,0,0.0,0,0.0,0,0.0,0,0.0,0,0.0,0,0.0,90.53658536585365,83.76923076923077,88.46341463414635,91.76190476190476,88.90625,65.86666666666666,85.39024390243902,90.85365853658537,NaN,NaN,20.7246,100.75866666666667,5.731600000000001,NaN,NaN,NaN,NaN,11.5 ,0,0
130,Norway,82,4.555555555555555,61,3.388888888888889,52,2.888888888888889,0,0.0,0,0.0,2,0.1111111111111111,18,1.0,82.7560975609756,85.15384615384616,82.04878048780488,87.66666666666667,3.0,75.86666666666666,83.1219512195122,NaN,NaN,NaN,37.090409090909084,160.0893333333333,6.985666666666666,43.04736842105263,4.85625,1.6545945945945943,7.0,7.0 ,250,0
131,Oman,1115,61.94444444444444,353,19.61111111111111,241,13.38888888888889,0,0.0,0,0.0,68,3.7777777777777777,200,11.11111111111111,85.58536585365853,83.38461538461539,85.3170731707317,93.66666666666667,89.375,59.2,85.6829268292683,91.41463414634147,2.35,1.35,16.717409090909094,38.03177272727273,3.896052631578948,18.722222222222218,10.668750000000001,6.491351351351351,32.8,38.2 ,NaN,NaN
132,Pakistan,1425446,79191.44444444444,672116,37339.77777777778,301856,16769.777777777777,4337,240.94444444444446,73535,4085.277777777778,3460,192.22222222222223,845617,46978.72222222222,48.97560975609756,39.84615384615385,50.5609756097561,26.714285714285715,34.15625,24.566666666666666,48.73170731707317,68.70731707317073,0.85,0.53,7.613039999999997,4.660521739130434,1.3154,6.883333333333333,NaN,8.822162162162162,35.96666666666667,55.2 ,1631260,46137
133,Palau,11,0.6111111111111112,2,0.1111111111111111,0,0.0,0,0.0,0,0.0,0,0.0,0,0.0,74.46341463414635,64.38461538461539,73.29268292682927,79.80952380952381,84.03125,65.9,76.0,NaN,NaN,NaN,14.725200000000001,63.605000000000004,0.8160000000000001,NaN,NaN,NaN,NaN,12.2 ,36,1
134,Panama,3205,178.05555555555554,2146,119.22222222222223,332,18.444444444444443,0,0.0,0,0.0,123,6.833333333333333,1584,88.0,81.97560975609755,64.76923076923077,85.6829268292683,81.57142857142857,52.09375,55.63333333333333,80.58536585365853,93.3170731707317,10.535,0.91,13.452357142857144,19.26748,2.0288,22.828571428571426,10.33125,4.265405405405406,23.25,11.2 ,7316,188
135,Papua New Guinea,40443,2246.8333333333335,13892,771.7777777777778,7084,393.55555555555554,31357,1742.0555555555557,5950,330.55555555555554,4204,233.55555555555554,20434,1135.2222222222222,50.09756097560975,11.23076923076923,49.51219512195122,0.9523809523809523,45.3125,19.966666666666665,51.09756097560975,77.07317073170732,9.559999999999999,1.57,0.5641999999999999,4.775399999999999,0.42366666666666664,NaN,NaN,7.3297297297297295,57.45,10.9 ,91284,2615
136,Paraguay,8926,495.8888888888889,4534,251.88888888888889,1096,60.888888888888886,0,0.0,0,0.0,522,29.0,4331,240.61111111111111,75.78048780487805,55.61538461538461,72.85365853658537,53.142857142857146,47.59375,50.93333333333333,73.3170731707317,78.73170731707317,1.78,2.43,12.601999999999999,9.807125000000001,0.9225,9.5,8.3375,3.9756756756756744,21.150000000000002,11.2 ,15681,408
137,Peru,32954,1830.7777777777778,12129,673.8333333333334,4826,268.1111111111111,20,1.1111111111111112,0,0.0,2412,134.0,16171,898.3888888888889,72.8780487804878,65.53846153846153,74.04878048780488,32.476190476190474,47.28125,55.13333333333333,74.09756097560975,82.1219512195122,NaN,NaN,11.700999999999999,20.8042,1.3436666666666666,15.5,9.700000000000001,6.715675675675674,62.557142857142864,24.3 ,76676,2057
138,Philippines,271709,15094.944444444445,77169,4287.166666666667,31816,1767.5555555555557,716,39.77777777777778,7840,435.55555555555554,391,21.72222222222222,124591,6921.722222222223,73.4390243902439,16.153846153846153,69.78048780487805,19.666666666666668,46.9375,18.033333333333335,73.92682926829268,83.0,,1.81,11.652583333333332,47.01030769230769,5.26,10.422222222222224,20.787499999999998,4.585405405405405,33.225,18.4 ,365206,9902
139,Poland,2048,113.77777777777777,2040,113.33333333333333,407,22.61111111111111,0,0.0,0,0.0,12,0.6666666666666666,64,3.5555555555555554,93.1219512195122,9.23076923076923,93.4390243902439,90.33333333333333,72.15625,43.8,94.6829268292683,92.0,,0.94,22.555214285714282,58.96806896551723,5.967571428571427,65.98125000000002,5.825,3.930810810810811,NaN,20.5 ,NaN,NaN
140,Portugal,267,14.833333333333334,392,21.77777777777778,165,9.166666666666666,2,0.1111111111111111,0,0.0,13,0.7222222222222222,14,0.7777777777777778,81.1951219512195,28.076923076923077,85.60975609756098,82.95238095238095,64.71875,70.33333333333333,89.73170731707317,73.41463414634147,0.18,,36.44203448275863,60.282764705882364,6.5330499999999985,34.63157894736842,7.981250000000001,1.9724324324324327,34.0,7.9 ,NaN,NaN
141,Qatar,137,7.611111111111111,58,3.2222222222222223,54,3.0,0,0.0,5,0.2777777777777778,0,0.0,18,1.0,84.17073170731707,81.92307692307692,81.21951219512195,81.0952380952381,85.125,72.56666666666666,83.21951219512195,86.90243902439025,NaN,NaN,27.117874999999994,57.394666666666666,10.2008,18.405555555555555,8.06875,4.198918918918919,29.3,90.3 ,227,3
142,Republic of Korea,1446,80.33333333333333,1544,85.77777777777777,552,30.666666666666668,0,0.0,28,1.5555555555555556,5,0.2777777777777778,242,13.444444444444445,85.34146341463415,37.46153846153846,82.41463414634147,88.47619047619048,73.875,19.5,82.8780487804878,77.51219512195122,57.099999999999994,3.42,18.842105263157894,47.73431578947369,7.500789473684211,83.84210526315789,4.7375,1.5102702702702704,NaN,24.6 ,NaN,NaN
143,Republic of Moldova,3538,196.55555555555554,1364,75.77777777777777,197,10.944444444444445,0,0.0,2,0.1111111111111111,4,0.2222222222222222,153,8.5,64.8048780487805,32.46153846153846,62.1219512195122,80.66666666666667,70.65625,30.033333333333335,62.78048780487805,66.21951219512195,10.09,2.12,28.07192592592593,72.23421428571429,4.788894736842105,63.29333333333333,5.143750000000001,4.277837837837838,40.0,16.0 ,1367,30
144,North Macedonia,374,20.77777777777778,195,10.833333333333334,86,4.777777777777778,0,0.0,0,0.0,0,0.0,147,8.166666666666666,62.51219512195122,NaN,61.19512195121951,90.95238095238095,42.78125,34.13333333333333,61.951219512195124,62.707317073170735,1.71,4.08,23.754160000000002,32.2128,,45.961111111111116,8.8,3.8,19.6,28.3 ,NaN,NaN
145,Romania,16739,929.9444444444445,479,26.61111111111111,1023,56.833333333333336,0,0.0,20,1.1111111111111112,37,2.0555555555555554,827,45.94444444444444,79.58536585365853,6.769230769230769,83.02439024390245,85.42857142857143,72.21875,26.533333333333335,80.51219512195122,80.60975609756098,0.06,1.68,22.8535294117647,59.08843750000001,5.485941176470589,68.30000000000001,8.487499999999999,4.048648648648649,15.8,14.3 ,NaN,NaN
146,Russian Federation,33878,1882.111111111111,11386,632.5555555555555,6566,364.77777777777777,0,0.0,0,0.0,2965,164.72222222222223,4260,236.66666666666666,63.68292682926829,20.923076923076923,65.09756097560975,91.23809523809524,55.40625,NaN,63.853658536585364,64.8048780487805,,,49.24820689655173,43.109,0.5361304347826088,97.83684210526314,6.09375,3.887027027027028,NaN,13.7 ,21725,320
147,Rwanda,96109,5339.388888888889,25238,1402.111111111111,20781,1154.5,26654,1480.7777777777778,2901,161.16666666666666,18414,1023.0,74547,4141.5,77.17073170731707,75.15384615384616,75.82926829268293,21.904761904761905,54.21875,57.833333333333336,78.85365853658537,82.7560975609756,NaN,NaN,1.039,7.391,0.324,16.0,8.9,6.955675675675676,85.54,40.7 ,497016,14354
148,Saint Kitts and Nevis,7,0.3888888888888889,6,0.3333333333333333,1,0.05555555555555555,0,0.0,0,0.0,0,0.0,1,0.05555555555555555,93.14634146341463,NaN,84.41463414634147,91.47619047619048,67.21875,62.1,92.90243902439025,73.02439024390245,31.905,7.38,12.20623076923077,61.76158333333333,,NaN,NaN,NaN,NaN,12.3 ,56,1
149,Saint Lucia,51,2.8333333333333335,58,3.2222222222222223,0,0.0,0,0.0,0,0.0,2,0.1111111111111111,2,0.1111111111111111,86.85365853658537,NaN,81.70731707317073,64.47619047619048,50.375,53.733333333333334,86.8780487804878,87.85365853658537,,1.65,9.856692307692308,25.05366666666666,2.9095,13.425,NaN,5.569189189189189,3.5,21.2 ,48,0
150,Saint Vincent and the Grenadines,30,1.6666666666666667,67,3.7222222222222223,1,0.05555555555555555,0,0.0,0,0.0,11,0.6111111111111112,16,0.8888888888888888,91.48780487804878,NaN,87.2439024390244,84.28571428571429,50.0625,53.333333333333336,90.6829268292683,82.17073170731707,0.91,0.0,8.121666666666668,61.51527272727273,2.7249999999999996,30.649999999999995,NaN,5.2216216216216225,NaN,21.2 ,NaN,NaN
151,Samoa,193,10.722222222222221,104,5.777777777777778,29,1.6111111111111112,0,0.0,91,5.055555555555555,0,0.0,109,6.055555555555555,76.8048780487805,NaN,69.7560975609756,37.142857142857146,62.34375,26.966666666666665,77.39024390243902,88.6829268292683,1.6099999999999999,4.2,4.122857142857143,20.958875,0.9113333333333333,10.0,NaN,5.501081081081081,60.8,10.6 ,604,16
152,San Marino,0,0.0,0,0.0,0,0.0,0,0.0,0,0.0,0,0.0,0,0.0,85.90243902439025,18.692307692307693,64.92682926829268,71.61904761904762,83.46875,83.53333333333333,85.17073170731707,NaN,0.0,3.18,52.84675,106.055,7.04075,NaN,3.299999999999999,NaN,NaN,13.4 ,NaN,NaN
153,Sao Tome and Principe,936,52.0,369,20.5,144,8.0,545,30.27777777777778,190,10.555555555555555,88,4.888888888888889,531,29.5,77.26829268292683,51.46153846153846,69.02439024390245,21.714285714285715,47.71875,31.966666666666665,76.58536585365853,87.17073170731707,2.245,,4.214499999999999,20.482333333333333,0.13,30.5,6.881249999999999,9.389729729729728,58.875,25.7 ,3392,98
154,Saudi Arabia,11084,615.7777777777778,5554,308.55555555555554,2208,122.66666666666667,0,0.0,60,3.3333333333333335,290,16.11111111111111,2370,131.66666666666666,88.02439024390245,82.76923076923077,84.5609756097561,87.85714285714286,88.4375,58.2,88.02439024390245,86.90243902439025,0.0,1.04,20.869727272727275,46.08563636363636,6.559666666666667,22.961111111111105,NaN,6.538918918918919,NaN,78.4 ,NaN,NaN
155,Senegal,115182,6399.0,46380,2576.6666666666665,22121,1228.9444444444443,32955,1830.8333333333333,35305,1961.388888888889,7379,409.94444444444446,75019,4167.722222222223,59.8780487804878,40.69230769230769,57.80487804878049,16.80952380952381,43.6875,42.6,60.707317073170735,74.4390243902439,0.575,0.16,1.2515714285714286,3.3895714285714287,0.09716666666666667,3.0,20.037499999999998,11.641081081081081,26.15555555555555,37.5 ,346344,9836
156,Serbia,769,42.72222222222222,395,21.944444444444443,203,11.277777777777779,0,0.0,0,0.0,7,0.3888888888888889,59,3.2777777777777777,63.5609756097561,10.846153846153847,60.65853658536585,84.71428571428571,45.5625,41.93333333333333,63.073170731707314,65.34146341463415,1.63,1.09,24.462642857142846,35.55485714285714,8.107000000000001,54.708333333333336,4.606250000000001,4.129729729729729,13.566666666666668,24.3 ,NaN,NaN
157,Seychelles,34,1.8888888888888888,18,1.0,0,0.0,0,0.0,0,0.0,0,0.0,0,0.0,89.51219512195122,8.307692307692308,88.41463414634147,89.14285714285714,76.9375,32.7,89.36585365853658,92.02439024390245,5.585,1.08,12.881454545454545,58.106111111111105,0.9251000000000001,37.5,10.50625,5.905945945945946,NaN,18.7 ,NaN,NaN
158,Sierra Leone,101872,5659.555555555556,33290,1849.4444444444443,21889,1216.0555555555557,210616,11700.888888888889,25754,1430.7777777777778,8793,488.5,86921,4828.944444444444,38.31707317073171,60.61538461538461,37.78048780487805,14.333333333333334,34.78125,37.1,38.02439024390244,44.51219512195122,1.2349999999999999,,0.33340000000000003,6.0558,0.1292,4.0,15.849999999999998,11.585405405405403,16.84,20.6 ,430168,12449
159,Singapore,338,18.77777777777778,40,2.2222222222222223,30,1.6666666666666667,0,0.0,0,0.0,0,0.0,21,1.1666666666666667,91.07317073170732,50.69230769230769,88.0,88.71428571428571,87.84375,21.7,90.8048780487805,94.53658536585365,,0.5,16.9214,52.37812500000001,3.4229285714285718,23.6,9.700000000000003,2.224864864864865,NaN,18.3 ,460,1
160,Slovakia,810,45.0,58,3.2222222222222223,113,6.277777777777778,0,0.0,0,0.0,0,0.0,45,2.5,62.170731707317074,82.3076923076923,62.1219512195122,93.71428571428571,61.3125,66.76666666666667,62.36585365853659,44.51219512195122,,1.54,33.0406,64.3981052631579,5.7947500000000005,65.13157894736841,7.46875,4.004324324324324,49.0,17.5 ,331,1
161,Slovenia,29,1.6111111111111112,64,3.5555555555555554,6,0.3333333333333333,0,0.0,0,0.0,0,0.0,7,0.3888888888888889,64.97560975609755,21.384615384615383,63.829268292682926,91.95238095238095,NaN,60.2,64.95121951219512,30.853658536585368,2.75,1.25,25.084649999999996,120.04866666666665,5.032809523809523,47.24210526315789,6.0375000000000005,4.07027027027027,NaN,15.8 ,NaN,NaN
162,Solomon Islands,1343,74.61111111111111,441,24.5,241,13.38888888888889,339,18.833333333333332,0,0.0,0,0.0,611,33.94444444444444,71.09756097560975,29.846153846153847,63.97560975609756,5.142857142857143,69.84375,35.0,71.3170731707317,76.90243902439025,NaN,NaN,1.7147500000000002,16.952875000000002,1.0405,15.3,NaN,6.783243243243244,74.95,10.7 ,2215,58
163,Somalia,314025,17445.833333333332,39171,2176.1666666666665,74437,4135.388888888889,14875,826.3888888888889,226308,12572.666666666666,3633,201.83333333333334,214121,11895.611111111111,29.5609756097561,NaN,32.24390243902439,NaN,9.1875,9.8,27.75609756097561,37.19512195121951,NaN,NaN,0.2545,1.008,,6.450000000000001,NaN,9.390270270270271,7.8,29.5 ,457939,13246
164,South Africa,168454,9358.555555555555,38804,2155.777777777778,13790,766.1111111111111,449,24.944444444444443,10882,604.5555555555555,420026,23334.777777777777,109052,6058.444444444444,67.70731707317073,57.38461538461539,67.26829268292683,51.333333333333336,54.46875,50.96666666666667,68.53658536585365,72.2439024390244,0.565,0.67,7.442,27.706666666666667,2.6180000000000003,26.45,14.51875,5.2745945945945945,15.600000000000001,23.6 ,203649,5418
165,South Sudan,152919,8495.5,33918,1884.3333333333333,32573,1809.611111111111,64243,3569.0555555555557,11004,611.3333333333334,23397,1299.8333333333333,87899,4883.277777777777,11.853658536585366,NaN,11.878048780487806,NaN,6.90625,7.366666666666666,11.292682926829269,12.585365853658537,NaN,NaN,,,,NaN,NaN,10.096216216216217,44.5,41.1 ,NaN,NaN
166,Spain,708,39.333333333333336,1735,96.38888888888889,667,37.05555555555556,1,0.05555555555555555,0,0.0,21,1.1666666666666667,129,7.166666666666667,81.60975609756098,21.615384615384617,83.26829268292683,70.61904761904762,68.46875,69.7,81.7560975609756,NaN,,1.63,35.10751724137931,45.76258333333334,9.027521739130437,32.00526315789473,7.812500000000001,1.785945945945946,29.0,9.5 ,1915,2
167,Sri Lanka,7327,407.05555555555554,2145,119.16666666666667,937,52.05555555555556,34,1.8888888888888888,0,0.0,85,4.722222222222222,2711,150.61111111111111,86.78048780487805,NaN,75.97560975609755,86.04761904761905,49.1875,33.0,86.6829268292683,87.41463414634147,,0.1,5.644222222222222,14.146931034482758,0.6510833333333333,38.3,16.825,4.982162162162163,47.54,15.2 ,28045,711
168,Sudan,332930,18496.11111111111,117626,6534.777777777777,58394,3244.1111111111113,24714,1373.0,41391,2299.5,4320,240.0,199121,11062.277777777777,57.853658536585364,45.69230769230769,54.73170731707317,23.714285714285715,38.25,35.46666666666667,57.58536585365854,62.31707317073171,3.4450000000000003,1.35,3.244,9.557375,0.9636666666666667,14.844444444444447,NaN,10.475675675675674,47.8,47.9 ,513832,14499
169,Suriname,348,19.333333333333332,395,21.944444444444443,99,5.5,20,1.1111111111111112,0,0.0,129,7.166666666666667,114,6.333333333333333,73.04878048780488,NaN,71.14634146341463,15.952380952380953,37.0,39.46666666666667,73.73170731707317,NaN,1.125,0.37,8.718571428571428,26.7344,0.477,30.5,15.250000000000002,5.591351351351352,3.0666666666666664,23.6 ,905,23
170,Sweden,192,10.666666666666666,248,13.777777777777779,55,3.0555555555555554,1,0.05555555555555555,0,0.0,3,0.16666666666666666,20,1.1111111111111112,95.97560975609755,86.84615384615384,92.90243902439025,90.23809523809524,16.28125,93.16666666666667,96.14634146341463,16.804878048780488,NaN,NaN,35.29834782608697,111.22485714285712,7.500586206896553,27.70526315789474,3.9750000000000005,1.6605405405405405,14.0,5.9 ,417,0
171,Switzerland,105,5.833333333333333,200,11.11111111111111,88,4.888888888888889,0,0.0,0,0.0,2,0.1111111111111111,11,0.6111111111111112,79.1951219512195,58.0,71.39024390243902,59.57142857142857,6.46875,68.06666666666666,76.82926829268293,NaN,NaN,NaN,40.48785,167.64068421052633,6.252793103448274,52.55789473684211,6.362499999999999,1.727567567567568,NaN,10.2 ,346,1
172,Syrian Arab Republic,18997,1055.388888888889,7053,391.8333333333333,1898,105.44444444444444,0,0.0,1890,105.0,512,28.444444444444443,18956,1053.111111111111,65.36585365853658,NaN,65.09756097560975,66.19047619047619,57.28125,41.4,63.63414634146341,79.3170731707317,NaN,NaN,14.203357142857143,19.509071428571428,7.334142857142857,14.666666666666666,NaN,5.904864864864865,35.55,39.4 ,51819,1357
173,Tajikistan,38453,2136.277777777778,8770,487.22222222222223,7917,439.8333333333333,0,0.0,18,1.0,288,16.0,20095,1116.388888888889,58.48780487804878,NaN,59.90243902439025,87.38095238095238,49.0,36.56666666666667,59.19512195121951,64.63414634146342,11.22,4.68,20.170359999999995,44.76532000000001,1.0352857142857144,55.720000000000006,5.831249999999999,5.51027027027027,26.875000000000004,40.0 ,162877,4742
174,Thailand,23697,1316.5,10303,572.3888888888889,2444,135.77777777777777,608,33.77777777777778,900,50.0,10877,604.2777777777778,7681,426.72222222222223,84.0,NaN,74.70731707317073,87.9047619047619,79.78125,NaN,85.58536585365853,92.07317073170732,,1.84,3.9511052631578947,16.782526315789475,2.0028421052631575,21.0,11.368750000000002,4.249189189189189,10.800000000000002,26.2 ,103440,2839
175,Timor-Leste,12332,685.1111111111111,3340,185.55555555555554,1729,96.05555555555556,901,50.05555555555556,0,0.0,48,2.6666666666666665,6685,371.3888888888889,31.29268292682927,NaN,29.463414634146343,10.523809523809524,29.25,18.766666666666666,31.463414634146343,35.48780487804878,NaN,NaN,7.059333333333334,13.588000000000001,0.6043636363636362,59.0,NaN,6.593513513513513,48.5,17.9 ,8807,244
176,Togo,52779,2932.1666666666665,22215,1234.1666666666667,10651,591.7222222222222,87583,4865.722222222223,6635,368.6111111111111,20372,1131.7777777777778,31333,1740.7222222222222,58.34146341463415,33.15384615384615,54.21951219512195,3.1904761904761907,29.1875,31.133333333333333,59.78048780487805,79.51219512195122,11.66,0.6,0.602,3.7295000000000003,0.276,8.0,16.874999999999996,11.124864864864866,33.871428571428574,32.7 ,134274,3773
177,Tonga,106,5.888888888888889,36,2.0,18,1.0,0,0.0,0,0.0,0,0.0,48,2.6666666666666665,86.97560975609755,NaN,83.04878048780488,79.28571428571429,89.75,49.13333333333333,87.58536585365853,94.1219512195122,13.37,3.8,4.8405000000000005,38.12712499999999,0.7529999999999999,NaN,NaN,5.725405405405405,52.2,10.1 ,287,8
178,Trinidad and Tobago,729,40.5,614,34.111111111111114,102,5.666666666666667,0,0.0,0,0.0,239,13.277777777777779,96,5.333333333333333,82.1951219512195,52.53846153846154,72.2439024390244,74.52380952380952,48.5,61.233333333333334,82.02439024390245,NaN,0.3,,17.42711111111111,33.19705263157895,4.649588235294118,28.014285714285712,12.74375,5.064864864864865,7.0,22.0 ,411,5
179,Tunisia,7498,416.55555555555554,2274,126.33333333333333,872,48.44444444444444,0,0.0,0,0.0,44,2.4444444444444446,2333,129.61111111111111,82.97560975609755,NaN,81.51219512195122,91.66666666666667,70.53125,35.333333333333336,82.97560975609755,87.70731707317073,,2.33,8.828,24.43211111111111,1.9625999999999995,19.811111111111117,7.75,4.386486486486486,10.9,35.7 ,18816,495
180,Turkey,29214,1623.0,19126,1062.5555555555557,2827,157.05555555555554,0,0.0,4,0.2222222222222222,67,3.7222222222222223,6978,387.6666666666667,80.1219512195122,81.61538461538461,78.82926829268293,81.14285714285714,55.75,41.36666666666667,79.17073170731707,83.90243902439025,0.275,1.55,14.484379310344822,16.67296551724138,3.503421052631579,25.736842105263154,12.01875,5.124864864864865,22.375,42.0 ,198175,5600
181,Turkmenistan,25611,1422.8333333333333,6353,352.94444444444446,3535,196.38888888888889,0,0.0,0,0.0,522,29.0,14093,782.9444444444445,65.63414634146342,NaN,65.7560975609756,92.14285714285714,54.90625,30.466666666666665,65.09756097560975,66.8780487804878,NaN,NaN,27.301733333333335,53.986933333333326,2.152466666666667,44.313333333333325,5.143750000000002,5.008108108108108,27.099999999999998,19.0 ,77609,2273
182,Tuvalu,23,1.2777777777777777,6,0.3333333333333333,0,0.0,0,0.0,0,0.0,0,0.0,2,0.1111111111111111,82.97560975609755,NaN,78.1951219512195,79.9047619047619,71.625,33.733333333333334,81.95121951219512,93.7560975609756,0.18,0.02,9.3794,46.8378,1.7005,NaN,NaN,NaN,34.7,11.4 ,60,2
183,Uganda,337156,18730.88888888889,106759,5931.055555555556,74440,4135.555555555556,405403,22522.38888888889,46750,2597.222222222222,137798,7655.444444444444,216244,12013.555555555555,53.073170731707314,36.53846153846154,55.97560975609756,NaN,42.5625,45.4,54.609756097560975,72.39024390243902,3.8449999999999998,0.4,1.1294,13.001444444444443,0.0775,4.5,NaN,9.790270270270272,62.5,48.4 ,822916,23309
184,Ukraine,11253,625.1666666666666,3263,181.27777777777777,1670,92.77777777777777,0,0.0,455,25.27777777777778,4210,233.88888888888889,2841,157.83333333333334,56.65853658536585,NaN,59.048780487804876,74.28571428571429,34.21875,24.9,54.51219512195122,61.26829268292683,NaN,NaN,31.898266666666665,69.1238,0.30933333333333335,87.94666666666667,5.281250000000001,3.9297297297297304,13.933333333333332,18.3 ,4871,51
185,United Arab Emirates,587,32.611111111111114,284,15.777777777777779,162,9.0,0,0.0,0,0.0,22,1.2222222222222223,88,4.888888888888889,83.29268292682927,74.92307692307692,82.2439024390244,90.57142857142857,79.1875,66.63333333333334,83.21951219512195,84.53658536585365,NaN,NaN,18.320421052631577,37.02572413793103,5.1265789473684205,16.68888888888889,12.8375,4.545945945945945,NaN,39.4 ,1549,29
186,United Kingdom of Great Britain and Northern Ireland,2824,156.88888888888889,934,51.888888888888886,1480,82.22222222222223,0,0.0,1,0.05555555555555555,23,1.2777777777777777,188,10.444444444444445,89.14634146341463,70.53846153846153,81.26829268292683,77.57142857142857,2.90625,83.53333333333333,82.8048780487805,NaN,NaN,NaN,39.50686666666666,103.6703,7.213611111111111,31.97,7.168750000000002,1.505945945945946,1.0,10.5 ,NaN,NaN
187,United Republic of Tanzania,441191,24510.61111111111,138274,7681.888888888889,85708,4761.555555555556,206870,11492.777777777777,19305,1072.5,192922,10717.888888888889,264985,14721.388888888889,77.21951219512195,46.69230769230769,79.34146341463415,16.761904761904763,50.9375,33.4,79.46341463414635,87.17073170731707,NaN,NaN,0.38366666666666666,4.1454,0.08166666666666667,9.0,11.312500000000002,10.042702702702703,39.48571428571429,25.6 ,765493,21499
188,United States of America,16286,904.7777777777778,14487,804.8333333333334,3332,185.11111111111111,9,0.5,6,0.3333333333333333,177,9.833333333333334,9778,543.2222222222222,89.2439024390244,85.61538461538461,89.39024390243902,85.0,71.84375,76.96666666666667,92.2439024390244,NaN,NaN,NaN,25.877499999999998,142.86300000000003,9.019,30.988888888888887,8.03125,1.0854054054054054,25.066666666666666,7.4 ,18374,18
189,Uruguay,969,53.833333333333336,684,38.0,243,13.5,0,0.0,0,0.0,23,1.2777777777777777,204,11.333333333333334,86.1219512195122,71.84615384615384,85.4390243902439,31.047619047619047,61.71875,70.8,85.51219512195122,93.73170731707317,1.18,3.93,41.425000000000004,53.8648,,25.32857142857143,8.23125,3.445945945945946,NaN,8.6 ,751,7
190,Uzbekistan,71144,3952.4444444444443,22914,1273.0,12582,699.0,0,0.0,68,3.7777777777777777,825,45.833333333333336,35130,1951.6666666666667,65.1951219512195,30.23076923076923,65.1951219512195,78.9047619047619,54.09375,36.13333333333333,64.51219512195122,66.8780487804878,NaN,NaN,28.75741666666666,111.12592000000001,0.327764705882353,48.173333333333325,5.5,7.456756756756757,14.65,25.3 ,293528,8555
191,Vanuatu,559,31.055555555555557,96,5.333333333333333,55,3.0555555555555554,165,9.166666666666666,18,1.0,0,0.0,447,24.833333333333332,61.609756097560975,NaN,54.68292682926829,NaN,65.59375,24.033333333333335,63.31707317073171,77.63414634146342,15.85,2.37,1.4088333333333332,17.363,0.6255,NaN,11.0,5.422162162162162,56.05,10.3 ,510,13
192,Venezuela (Bolivarian Republic of),21296,1183.111111111111,20060,1114.4444444444443,2918,162.11111111111111,362,20.11111111111111,2,0.1111111111111111,624,34.666666666666664,14745,819.1666666666666,73.07317073170732,2.3846153846153846,70.6829268292683,19.047619047619047,43.375,44.06666666666667,64.21951219512195,86.39024390243902,NaN,NaN,18.387500000000003,14.67525,,8.34,8.693749999999998,4.472972972972973,7.1,15.8 ,36820,857
193,Viet Nam,101760,5653.333333333333,26736,1485.3333333333333,10556,586.4444444444445,441,24.5,16538,918.7777777777778,4372,242.88888888888889,58593,3255.1666666666665,75.36585365853658,NaN,75.04878048780488,53.666666666666664,46.625,28.666666666666668,74.1951219512195,79.14634146341463,NaN,NaN,6.880166666666667,10.424307692307691,2.640333333333333,26.925000000000004,8.593749999999998,5.489189189189188,18.383333333333333,29.7 ,189463,4905
194,Yemen,181798,10099.888888888889,64507,3583.722222222222,21755,1208.611111111111,9806,544.7777777777778,16662,925.6666666666666,583,32.388888888888886,104175,5787.5,51.02439024390244,46.0,49.31707317073171,28.61904761904762,39.03125,34.766666666666666,52.0,54.170731707317074,4.785,2.97,3.4816000000000003,7.338555555555555,0.5822499999999999,6.672222222222223,NaN,12.291891891891892,13.025,45.0 ,448442,12890
195,Zambia,150437,8357.611111111111,45546,2530.3333333333335,25204,1400.2222222222222,74649,4147.166666666667,16217,900.9444444444445,112542,6252.333333333333,104496,5805.333333333333,73.29268292682927,40.07692307692308,75.46341463414635,15.857142857142858,40.125,45.56666666666667,74.21951219512195,87.5609756097561,8.79,0.45,0.7342857142857143,7.861857142857142,0.3595,19.5,12.43125,9.059459459459458,36.583333333333336,24.7 ,372317,10541
196,Zimbabwe,101731,5651.722222222223,32402,1800.111111111111,16481,915.6111111111111,17312,961.7777777777778,4684,260.22222222222223,133828,7434.888888888889,61728,3429.3333333333335,75.58536585365853,50.15384615384615,76.04878048780488,14.0,53.5,35.333333333333336,75.07317073170732,83.41463414634147,10.0,0.52,1.2837058823529413,14.597749999999998,0.33325000000000005,23.5,12.6875,6.838918918918918,27.3,19.4 ,157239,4371
