,Current health expenditure (CHE) per capita in US$,Current health expenditure (CHE) per capita in US$,Current health expenditure (CHE) per capita in US$,Current health expenditure (CHE) per capita in US$,Current health expenditure (CHE) per capita in US$,Current health expenditure (CHE) per capita in US$,Current health expenditure (CHE) per capita in US$,Current health expenditure (CHE) per capita in US$,Current health expenditure (CHE) per capita in US$,Current health expenditure (CHE) per capita in US$,Current health expenditure (CHE) per capita in US$,Current health expenditure (CHE) per capita in US$,Current health expenditure (CHE) per capita in US$,Current health expenditure (CHE) per capita in US$,Current health expenditure (CHE) per capita in US$,Current health expenditure (CHE) per capita in US$,Current health expenditure (CHE) per capita in US$,Current health expenditure (CHE) per capita in US$,Current health expenditure (CHE) per capita in US$
Country, 2018, 2017, 2016, 2015, 2014, 2013, 2012, 2011, 2010, 2009, 2008, 2007, 2006, 2005, 2004, 2003, 2002, 2001, 2000
Afghanistan,49.84,65.71,60.19,58.91,59.01,55.03,51.44,50.85,44.99,41.72,38.10,31.27,27.84,23.89,20.41,17.04,15.80,,
Albania,274.91,226.28,202.01,192.89,251.36,236.96,213.72,211.08,192.00,186.44,220.46,222.30,174.53,165.27,156.57,125.99,96.27,89.58,80.62
Algeria,255.87,258.04,260.77,291.55,359.64,331.94,335.56,287.39,229.29,208.12,206.89,150.97,116.71,100.71,92.51,75.74,66.46,66.80,61.58
Andorra,2821.80,2567.42,2361.22,2246.25,2529.09,2432.78,2342.57,2567.53,2642.17,2687.86,2774.49,2392.82,2158.88,2301.59,2033.00,1812.32,1508.52,1319.91,1292.04
Angola,87.62,114.33,95.12,108.58,131.65,143.61,122.19,122.11,96.70,120.00,135.61,92.86,69.81,54.26,49.81,34.88,29.05,28.92,13.00
Antigua and Barbuda,875.17,795.56,778.45,754.24,792.84,711.23,727.26,693.81,701.82,591.43,673.84,694.54,648.23,626.72,585.72,602.69,550.06,563.74,512.57
Argentina,1127.91,1529.62,1153.53,1531.48,1286.22,1421.66,1368.42,1208.39,985.03,785.67,746.49,572.04,455.80,392.59,311.65,262.29,223.85,675.06,708.77
Armenia,422.28,405.65,357.46,364.97,405.73,396.23,336.32,330.58,297.23,252.84,266.31,172.60,126.25,96.35,72.17,66.78,59.63,32.26,26.13
Australia,5425.34,5308.78,4971.61,4860.37,5607.92,5813.99,6025.34,5861.70,4945.04,3995.34,4090.76,3799.74,3184.81,3013.09,2767.14,2249.29,1770.47,1564.17,1638.81
Austria,5326.44,4937.98,4709.88,4612.82,5393.60,5235.34,4966.10,5167.82,4800.79,4928.99,5057.76,4478.77,3882.98,3710.40,3594.65,3091.24,2497.87,2282.52,2269.13
Azerbaijan,165.77,155.10,157.00,226.51,267.31,239.95,222.99,176.41,145.85,129.73,107.36,75.40,50.25,35.08,27.38,23.80,20.59,19.19,19.14
Bahamas,2013.38,2174.18,1774.02,1635.88,1670.24,1609.32,1568.29,1491.04,1495.23,1470.69,1489.43,1415.04,1323.53,1220.79,1148.94,1138.74,1100.53,1078.69,1030.97
Bahrain,994.18,1126.07,1098.88,1128.76,1101.26,1066.13,971.37,805.31,796.32,785.26,757.74,692.97,591.31,570.29,550.36,567.24,503.03,484.91,485.69
Bangladesh,41.91,37.43,34.58,32.85,29.75,26.67,23.46,22.85,20.80,17.92,15.80,14.32,12.34,11.61,11.09,10.28,9.34,8.36,8.56
Barbados,1164.54,1151.69,1129.19,1119.55,1153.88,1233.11,1263.92,1135.52,1087.66,1135.61,1107.05,1015.61,1000.62,935.64,915.30,781.97,665.92,619.34,600.81
Belarus,356.25,333.54,298.63,362.75,450.22,456.49,365.87,319.75,343.68,290.70,351.73,281.08,223.83,198.31,142.75,109.88,87.08,74.34,57.67
Belgium,4912.70,4618.21,4328.85,4290.00,4999.19,4947.86,4706.62,4943.83,4545.00,4653.92,4671.57,4078.58,3558.54,3420.08,3326.45,2828.17,2084.72,1879.93,1849.92
Belize,285.99,282.58,296.22,284.11,292.44,258.23,246.76,252.95,242.35,241.49,249.63,226.01,188.70,174.03,169.63,167.89,165.60,156.86,131.97
Benin,30.94,30.06,30.23,31.31,34.45,35.77,39.10,34.96,31.04,30.71,30.30,27.92,25.41,24.12,24.54,21.58,17.47,16.81,15.89
Bhutan,102.74,104.86,98.91,98.56,88.90,88.24,85.98,79.56,74.09,61.13,58.86,66.06,55.32,47.74,46.91,37.74,36.14,35.95,30.89
Bolivia (Plurinational State of),223.60,217.49,210.24,198.88,181.71,162.12,137.12,121.38,101.73,90.77,79.02,64.47,56.81,52.48,47.04,47.17,44.27,45.78,43.85
Bosnia and Herzegovina,539.55,481.83,460.89,441.46,503.99,486.18,452.98,467.03,417.75,425.05,482.94,388.10,303.51,262.89,244.53,180.99,127.21,112.07,113.31
Botswana,482.96,484.22,402.80,389.38,435.55,449.71,483.81,440.04,398.57,342.94,330.36,311.04,263.61,277.06,293.97,267.50,204.89,201.81,205.24
Brazil,848.39,935.30,801.41,781.81,1017.05,981.15,957.01,1031.58,896.70,721.77,707.49,602.69,485.60,384.93,295.53,251.44,246.95,270.19,312.54
Brunei Darussalam,763.15,648.67,692.04,743.92,798.79,849.33,883.68,877.16,803.53,741.30,788.62,702.67,654.69,646.16,619.29,535.28,473.23,464.79,508.55
Bulgaria,689.91,618.71,562.34,521.42,605.26,547.45,558.65,555.86,484.75,459.30,455.54,361.23,294.11,267.74,233.11,195.74,148.15,119.83,94.50
Burkina Faso,40.25,44.40,40.95,33.51,39.59,43.80,34.89,34.87,33.91,31.59,29.78,27.97,21.35,18.09,17.61,11.75,8.71,7.71,7.53
Burundi,24.03,23.58,22.42,19.46,20.53,21.94,21.52,25.13,26.41,21.88,18.32,18.25,16.64,12.78,9.88,7.17,7.97,8.60,8.43
Cabo Verde,194.86,176.49,151.70,146.61,191.18,191.28,176.98,161.03,151.16,135.41,133.24,133.42,118.33,100.67,98.09,89.08,72.88,67.14,63.03
Cambodia,90.56,82.06,77.65,72.03,73.28,71.99,69.04,66.20,54.29,55.97,49.22,30.96,33.03,32.49,28.98,25.22,24.56,22.56,19.73
Cameroon,54.14,49.65,50.85,49.75,60.86,55.46,55.18,56.37,48.31,49.17,52.45,47.28,42.80,41.44,40.55,36.96,30.41,26.68,27.94
Canada,4994.90,4845.59,4610.93,4615.64,5189.83,5409.79,5459.96,5355.68,5048.31,4357.23,4459.88,4199.29,3778.27,3296.50,2925.07,2562.91,2159.32,2063.93,2007.88
Central African Republic,53.66,29.98,21.88,18.99,20.81,18.00,20.53,20.04,17.82,22.45,19.16,19.38,16.10,14.79,13.89,12.97,10.80,9.55,10.29
Chad,29.24,29.50,34.35,35.09,43.72,39.96,37.41,38.50,36.29,35.69,37.71,34.83,34.64,31.98,28.23,18.20,18.13,11.80,10.24
Chile,1455.61,1360.17,1171.62,1127.02,1145.41,1179.47,1077.82,991.20,867.73,735.98,724.70,648.56,571.20,500.65,427.52,349.99,323.07,327.13,356.96
China,501.06,437.26,395.36,390.10,359.31,326.04,281.68,236.37,186.49,162.62,131.89,97.08,81.23,71.86,63.26,55.65,49.14,43.66,42.11
Colombia,513.16,489.64,442.14,464.63,583.06,576.70,543.07,497.38,448.09,379.70,374.43,305.99,237.02,207.16,157.58,128.01,130.43,136.61,132.88
Comoros,65.23,61.73,60.74,60.21,68.99,69.27,65.58,78.71,67.07,68.19,72.68,67.82,62.54,62.45,62.88,57.75,48.73,43.47,45.77
Congo,47.52,51.27,54.10,60.13,74.51,75.48,74.92,62.34,56.91,50.05,64.77,43.04,36.79,31.52,27.88,21.71,17.12,20.63,17.44
Cook Islands,596.12,584.45,571.04,463.59,593.80,550.12,527.33,534.38,482.01,405.56,410.01,440.64,362.96,399.18,341.89,278.85,226.03,186.96,164.47
Costa Rica,909.67,861.32,878.89,883.92,831.30,825.39,784.48,749.64,660.59,534.57,515.43,427.04,362.50,311.71,292.03,289.07,277.70,256.39,248.75
CÃ´te d'Ivoire,71.88,69.34,67.21,63.08,80.42,72.74,76.09,74.19,73.97,74.76,78.03,66.77,54.63,49.22,47.48,39.49,31.49,31.83,36.47
Croatia,1014.22,902.63,840.91,795.52,909.37,889.94,1029.97,1132.50,1126.37,1187.55,1258.87,1041.03,816.02,727.13,634.62,512.15,386.44,388.32,371.06
Cuba,986.94,1000.29,984.85,986.73,866.08,713.24,604.21,699.83,612.47,679.63,612.24,571.27,387.42,331.53,231.99,227.09,213.39,198.13,180.81
Cyprus,1954.41,1780.35,1681.90,1616.55,1873.89,1916.32,1899.37,2114.67,2045.29,2105.48,2155.25,1694.27,1474.02,1366.02,1286.97,1145.06,890.48,782.16,750.52
Czechia,1765.59,1475.92,1321.62,1284.05,1512.93,1554.51,1387.41,1516.56,1373.93,1442.24,1449.34,1110.18,942.12,852.65,746.33,640.66,497.74,388.54,342.92
Democratic Republic of the Congo,18.51,19.42,20.58,19.87,19.37,16.33,14.02,12.46,12.53,13.29,16.02,12.14,10.97,9.07,8.39,6.47,4.48,5.82,18.62
Denmark,6216.77,5800.15,5565.59,5469.33,6380.78,6236.55,6003.83,6281.00,6011.54,6221.69,6137.78,5468.38,4778.89,4442.76,4194.87,3607.04,2895.81,2602.64,2496.05
Djibouti,70.86,72.23,76.87,82.29,73.12,67.53,72.22,68.78,56.20,55.32,53.96,50.45,47.33,40.96,40.29,46.11,40.19,31.04,31.96
Dominica,490.82,398.71,415.89,393.94,385.16,375.11,396.81,376.95,359.22,344.12,326.64,285.24,263.91,256.73,247.46,237.35,222.09,226.96,254.79
Dominican Republic,461.54,443.67,424.30,400.38,380.08,359.57,359.61,335.00,309.96,256.36,240.41,198.07,164.10,171.23,106.65,106.14,155.10,145.35,140.14
Ecuador,516.25,513.08,502.74,526.00,549.78,518.41,481.82,409.04,330.00,272.46,247.14,209.25,189.32,167.47,149.39,131.60,96.82,70.81,47.89
Egypt,125.55,113.98,153.49,183.43,167.25,150.62,150.72,125.25,113.25,106.67,97.21,78.96,71.35,63.86,53.93,53.82,68.26,73.08,73.66
El Salvador,288.52,282.04,293.26,282.75,275.69,270.88,258.48,266.00,245.71,240.05,224.84,212.82,208.53,204.90,193.61,185.74,186.46,182.88,178.63
Equatorial Guinea,314.30,293.13,290.68,328.82,424.73,382.35,274.35,335.78,314.11,307.42,419.66,249.96,195.25,163.77,143.73,106.57,73.51,58.35,40.93
Eritrea,23.79,21.17,22.78,26.75,31.86,29.79,26.20,33.51,24.64,22.40,19.33,17.97,22.03,20.64,22.12,19.00,15.22,14.51,13.75
Estonia,1552.97,1350.38,1186.10,1112.91,1238.93,1144.65,1013.31,1015.97,926.45,963.02,1038.56,832.73,600.51,524.68,455.07,349.06,250.48,214.70,209.71
Eswatini,271.14,273.18,233.64,259.52,293.08,315.45,354.07,380.86,358.12,292.29,277.91,263.87,248.59,227.47,183.93,137.05,77.62,78.20,79.68
Ethiopia,24.23,24.92,25.08,23.92,22.27,19.88,20.66,15.11,16.71,15.64,13.45,11.98,8.66,6.65,5.88,5.84,5.26,5.62,5.38
Fiji,214.55,194.44,185.35,179.22,188.83,167.82,162.41,148.83,135.18,128.81,143.77,150.66,135.93,129.11,117.68,91.40,73.05,64.19,77.02
Finland,4515.68,4233.47,4107.06,4127.15,4922.68,4892.10,4572.52,4715.94,4249.60,4347.12,4481.22,3911.97,3407.67,3228.95,3035.98,2606.78,2054.26,1806.05,1722.83
France,4690.07,4424.51,4268.17,4208.39,4998.67,4901.93,4651.11,4939.31,4598.32,4741.42,4812.54,4318.74,3814.28,3575.03,3458.63,3006.31,2449.76,2192.72,2161.85
Gabon,218.37,200.56,216.91,196.17,244.43,275.02,237.60,276.12,218.86,297.42,285.39,266.21,223.30,199.59,190.87,174.10,137.28,125.77,127.64
Gambia,22.16,22.71,21.80,20.99,22.47,27.42,31.42,33.14,35.22,36.95,42.96,38.61,35.87,35.80,34.73,30.87,39.56,41.45,50.87
Georgia,312.75,285.99,301.55,275.84,345.26,334.69,326.48,296.69,271.02,257.06,268.14,186.62,145.05,126.45,100.87,77.73,64.06,55.22,51.85
Germany,5472.20,5052.67,4742.03,4622.21,5304.32,5096.82,4762.85,5036.48,4611.81,4674.78,4669.64,4182.80,3697.92,3558.20,3459.81,3152.78,2567.49,2346.61,2344.35
Ghana,77.91,67.46,66.86,81.62,80.73,109.95,91.01,100.25,81.50,67.71,68.42,60.10,50.95,44.71,29.50,25.50,21.03,20.92,17.86
Greece,1566.90,1505.94,1488.20,1452.07,1705.11,1813.88,1948.25,2338.92,2564.37,2809.06,2840.51,2426.76,2052.88,1935.27,1782.70,1566.41,1168.82,1004.82,885.41
Grenada,474.53,466.75,427.51,422.72,399.53,438.28,433.51,423.12,393.33,396.14,421.84,377.76,340.40,341.90,308.15,300.36,322.01,283.48,270.98
Guatemala,259.62,259.91,241.78,229.81,213.94,196.14,198.47,189.24,173.75,168.18,174.78,158.33,148.71,132.33,122.26,113.61,107.96,100.39,83.96
Guinea,38.32,36.51,39.56,44.69,37.69,26.61,24.30,24.68,23.05,24.11,23.33,22.65,16.37,20.00,26.85,25.98,25.12,22.11,23.26
Guinea-Bissau,53.29,50.57,50.62,51.84,59.30,43.97,35.53,43.17,36.09,39.16,41.71,36.35,30.46,31.53,31.06,24.20,20.14,19.84,20.70
Guyana,295.56,263.26,233.52,223.68,214.20,206.01,195.22,190.93,176.95,154.47,143.81,129.23,101.89,87.48,79.28,68.69,65.68,60.87,63.15
Haiti,64.25,62.73,59.13,67.40,64.02,58.36,73.76,75.71,54.92,40.94,39.96,37.11,28.72,24.89,23.68,18.32,21.99,26.91,29.78
Honduras,176.25,171.51,180.17,172.29,174.60,178.24,185.63,183.60,166.16,161.00,149.65,127.99,112.45,98.12,83.48,79.80,70.82,67.20,68.52
Hungary,1081.80,981.04,914.19,870.52,1006.16,990.63,961.14,1063.43,983.11,943.69,1117.20,1003.26,893.20,895.20,798.45,682.87,473.13,359.70,313.11
Iceland,6530.93,6109.91,5067.69,4281.58,4474.37,4028.83,3705.38,3866.71,3644.80,3693.56,4946.06,6085.48,5071.87,5213.48,4497.97,3955.02,3091.29,2557.27,2873.85
India,72.83,69.32,60.60,58.92,57.07,56.12,48.95,48.60,45.13,38.30,37.88,35.86,29.56,27.67,25.06,22.00,20.24,19.80,18.50
Indonesia,111.68,110.05,109.94,99.66,108.84,107.29,107.24,107.67,92.45,65.10,61.95,58.18,46.20,35.51,27.17,26.67,19.90,17.69,16.20
Iran (Islamic Republic of),484.29,478.36,458.26,379.28,387.38,418.89,525.58,530.71,445.66,371.42,302.45,248.38,199.80,174.84,142.40,116.62,105.77,94.62,80.86
Iraq,239.41,214.36,154.19,156.84,190.69,199.52,183.92,168.75,150.46,167.36,132.11,98.87,57.20,53.76,53.51,28.15,,,
Ireland,5489.07,5019.70,4717.57,4561.74,5399.60,5331.60,5239.34,5570.71,5133.46,5502.89,5638.78,4858.65,4147.13,3938.19,3483.16,2910.93,2200.36,1823.73,1564.84
Israel,3323.65,3212.79,2813.34,2670.47,2819.57,2678.36,2402.92,2437.05,2234.95,2039.00,2144.82,1799.73,1593.61,1555.04,1488.16,1433.67,1403.32,1559.08,1513.94
Italy,2989.00,2809.72,2699.73,2675.67,3154.28,3149.24,3086.30,3392.01,3217.68,3337.75,3504.11,3092.56,2832.70,2677.55,2565.63,2163.03,1762.54,1586.66,1524.24
Jamaica,320.98,311.87,276.46,276.06,249.72,247.21,254.51,267.74,249.08,223.11,276.54,246.01,182.26,186.54,179.38,146.88,171.27,177.26,191.47
Japan,4266.59,4121.04,4174.42,3733.38,4099.28,4336.11,5212.18,5087.36,4060.49,3686.15,3213.70,2772.70,2754.38,2883.30,2875.93,2642.23,2404.65,2479.81,2740.67
Jordan,330.14,337.76,298.81,310.68,297.83,289.82,305.72,313.93,305.29,328.35,293.36,227.06,202.45,193.50,184.51,171.05,174.00,170.05,159.15
Kazakhstan,275.85,281.62,263.48,319.05,380.66,370.09,377.13,303.98,249.27,251.50,256.54,180.50,177.01,144.70,112.71,76.03,59.47,51.57,51.00
Kenya,88.39,75.85,72.51,69.78,71.83,66.81,63.82,56.47,58.21,54.56,54.57,49.52,40.29,30.47,27.09,25.04,21.69,21.26,20.52
Kiribati,196.85,175.07,147.78,123.35,162.96,162.52,154.00,148.80,139.50,176.55,200.84,156.48,134.91,139.92,140.30,108.27,98.50,90.62,68.89
Kuwait,1711.22,1560.54,1114.58,1199.36,1409.09,1276.95,1337.65,1272.99,1063.56,1453.46,1072.81,976.57,964.02,846.28,744.81,715.63,637.45,598.41,463.86
Kyrgyzstan,85.74,76.98,71.92,80.12,94.02,104.78,99.99,79.83,61.45,60.65,63.82,50.84,45.97,36.11,27.23,22.32,14.77,13.16,12.29
Lao People's Democratic Republic,57.11,61.21,54.51,52.38,45.93,43.81,32.84,27.45,34.97,36.24,27.19,25.21,19.60,17.69,16.58,17.97,13.18,14.77,14.39
Latvia,1101.49,932.50,874.80,775.86,856.77,807.13,745.52,764.59,689.08,744.66,913.52,775.19,552.30,440.81,393.30,280.51,237.30,205.02,181.57
Lebanon,686.47,661.43,609.06,587.46,605.24,600.77,633.51,627.64,577.36,515.39,477.76,445.78,400.71,345.36,370.42,385.03,418.09,459.47,479.60
Lesotho,124.79,111.64,89.39,103.63,113.72,116.81,117.14,125.03,94.70,80.58,68.62,65.21,48.56,40.77,40.47,31.49,22.34,26.13,26.24
Liberia,45.42,56.96,69.99,73.40,65.21,59.08,56.53,55.08,45.58,44.75,35.63,37.23,25.12,26.45,22.53,7.73,8.54,10.09,12.50
Libya,,,,,,,,309.88,399.02,355.19,321.21,275.48,234.78,212.06,201.77,189.69,180.99,253.91,244.68
Lithuania,1249.25,1083.30,988.53,920.20,1021.23,958.93,896.94,925.47,805.22,864.74,936.51,704.29,536.06,438.93,366.96,338.86,254.37,218.82,217.18
Luxembourg,6227.08,5713.12,5475.14,5421.93,6547.03,6356.64,6029.48,7174.74,7459.84,7670.59,7578.75,6671.27,6070.74,5818.15,5610.35,4607.40,3600.87,3109.20,2901.20
Madagascar,22.05,24.68,24.48,22.91,23.00,19.53,19.58,23.59,21.96,20.84,22.20,19.67,17.20,16.50,15.04,17.46,15.13,15.53,12.87
Malawi,35.50,34.00,30.94,35.68,36.06,40.35,33.20,40.09,34.66,36.24,33.33,25.46,21.31,17.53,16.20,12.50,11.27,7.74,9.09
Malaysia,427.22,380.69,362.11,379.90,427.66,391.90,382.66,352.27,292.00,250.26,268.39,233.86,203.21,163.93,154.93,142.75,121.81,114.61,111.34
Maldives,973.54,885.08,946.81,785.03,672.12,645.06,630.14,577.66,600.64,669.81,758.71,462.99,387.12,321.32,294.95,235.62,247.30,230.17,221.92
Mali,34.95,34.00,29.44,30.88,37.97,31.93,29.22,33.59,33.20,36.55,35.03,31.35,28.51,25.40,22.97,19.83,16.74,13.90,14.75
Malta,2753.51,2551.72,2321.15,2243.47,2456.43,2121.08,1898.60,1960.06,1733.67,1677.36,1751.17,1596.12,1474.48,1379.69,1223.86,1074.09,830.65,685.98,647.10
Marshall Islands,643.07,587.55,605.28,546.99,476.26,492.97,471.89,453.56,449.41,437.65,461.63,476.06,562.33,543.76,421.24,351.06,361.07,386.68,430.92
Mauritania,54.49,51.61,47.35,55.99,58.05,54.27,48.09,46.50,42.48,43.23,47.61,39.04,34.05,33.06,30.72,28.95,25.61,23.09,22.87
Mauritius,653.35,599.44,553.21,529.16,559.44,452.46,398.12,396.61,367.12,310.16,321.82,235.85,209.15,197.68,189.93,162.00,135.94,119.47,118.98
Mexico,519.61,512.07,490.80,556.87,614.97,637.16,598.35,581.71,553.98,490.57,570.83,556.04,512.83,483.10,445.62,411.42,385.10,363.67,318.46
Micronesia (Federated States of),415.82,401.20,395.79,361.47,348.32,363.26,384.15,393.68,378.24,341.32,304.58,272.11,257.90,417.72,270.72,219.36,178.56,190.07,168.46
Monaco,2968.50,2751.73,2765.08,3365.93,3947.42,3817.90,3519.94,3677.42,3509.36,3523.19,3573.52,3039.03,2706.68,2628.19,2570.39,2214.74,1560.76,1431.10,1408.09
Mongolia,155.09,146.96,161.91,166.08,174.24,177.58,167.76,134.75,98.84,76.46,97.36,66.54,50.03,37.51,33.17,26.51,29.66,26.49,27.01
Montenegro,731.48,,,,,,,,,,,,,,,,,,
Morocco,174.78,161.45,154.11,148.04,170.74,180.20,169.96,177.28,169.01,169.95,155.54,137.54,110.10,97.53,93.63,79.60,63.52,55.95,53.69
Mozambique,40.26,35.95,30.72,39.62,42.45,40.74,34.50,29.33,25.18,26.95,24.30,19.75,17.80,18.24,14.07,11.54,10.28,8.87,7.11
Myanmar,59.21,57.86,57.94,61.70,52.62,36.53,36.11,26.56,19.60,18.11,14.25,9.61,8.21,7.42,6.80,6.37,6.86,4.48,4.34
Namibia,471.49,468.04,423.87,488.69,459.94,488.86,550.50,562.59,517.24,383.66,412.71,469.61,416.17,386.44,358.16,263.33,179.55,188.20,213.27
Nauru,965.80,1217.51,1369.54,1143.25,1007.97,838.44,886.14,697.90,651.53,566.48,819.06,598.22,371.06,335.61,219.69,275.38,298.31,346.13,456.17
Nepal,57.85,50.83,48.32,47.89,43.17,36.02,34.33,34.68,29.98,21.09,19.09,17.40,13.94,14.46,13.23,11.34,10.72,10.52,8.55
Netherlands,5306.53,4910.90,4734.83,4676.58,5601.89,5532.73,5284.65,5562.12,5191.69,5282.74,5382.45,4696.14,4080.22,3823.48,3689.46,3244.36,2544.81,2175.73,2028.18
New Zealand,4037.46,3940.39,3746.48,3582.27,4143.79,3954.67,3805.97,3625.77,3216.22,2700.98,2839.18,2699.41,2301.89,2295.18,1983.66,1610.94,1246.31,1049.38,1053.89
Nicaragua,173.77,180.33,169.63,163.23,154.28,138.39,131.83,123.35,115.95,111.01,107.45,92.38,77.99,72.35,65.41,61.18,57.38,57.05,52.80
Niger,30.36,28.80,22.56,25.88,25.03,24.63,22.77,24.90,23.86,27.06,26.18,22.24,21.35,20.27,16.09,14.61,12.43,11.08,10.58
Nigeria,83.75,73.93,79.37,97.80,107.91,102.55,92.61,84.46,76.76,69.00,81.24,70.07,66.55,54.56,44.63,39.44,18.20,18.60,17.73
Niue,1556.27,1417.96,1193.22,1284.86,1829.03,1533.31,1459.47,2570.90,1693.77,2517.89,2279.51,2261.50,4009.99,997.62,1192.46,563.99,465.15,1453.68,317.82
Norway,8239.10,7815.79,7496.77,7565.55,9118.32,9241.27,8970.12,8900.37,7859.52,7301.96,7768.05,6895.56,5892.99,5584.69,5097.34,4632.57,3889.96,3099.00,2948.93
Oman,678.23,601.22,637.19,695.19,710.04,584.14,559.02,533.03,529.08,476.12,445.50,384.21,333.24,320.21,301.33,287.66,274.38,261.32,263.52
Pakistan,42.87,42.26,38.91,35.98,34.70,29.98,27.04,27.07,25.26,24.05,25.73,28.45,24.99,19.88,15.63,14.45,15.19,13.59,15.58
Palau,1723.46,1947.85,2031.47,1805.99,1678.01,1535.45,1392.05,1176.58,1183.17,1037.09,1000.25,1003.28,934.91,873.77,828.78,701.32,665.67,639.46,678.14
Panama,1131.66,1046.34,1050.24,928.10,885.66,790.78,703.83,617.00,572.61,530.07,489.82,427.23,350.74,304.48,326.21,286.99,291.95,281.00,285.20
Papua New Guinea,63.77,60.10,58.49,48.73,95.55,81.82,74.42,55.21,41.08,37.88,35.72,33.94,30.49,27.67,25.63,21.63,19.96,17.45,17.84
Paraguay,400.39,378.02,357.75,364.79,405.62,361.30,339.38,268.86,200.66,161.85,168.18,124.29,96.14,75.28,71.06,58.69,54.53,78.92,91.55
Peru,369.08,340.20,318.46,315.95,335.78,319.20,310.91,270.00,242.19,208.88,189.56,158.85,141.22,122.17,115.72,110.18,103.84,95.54,87.61
Philippines,136.54,132.58,129.61,123.90,116.86,122.73,112.54,98.65,91.61,79.30,77.19,65.48,54.87,46.57,34.17,32.24,27.33,28.21,32.78
Poland,978.74,909.58,813.47,803.96,911.30,878.09,815.14,866.09,809.20,759.61,892.60,660.92,524.10,465.70,392.00,339.34,315.83,282.82,238.00
Portugal,2215.17,2003.26,1880.16,1725.22,1989.54,1959.98,1918.49,2210.59,2215.26,2288.64,2331.43,2069.86,1814.21,1774.19,1682.24,1409.03,1110.39,989.62,969.55
Qatar,1716.27,1667.37,1822.37,1999.58,2041.59,1765.83,1487.32,1318.52,1206.00,1270.25,1283.85,1290.99,1311.68,1321.94,1295.11,1218.35,742.27,659.98,602.12
Republic of Korea,2542.82,2258.67,2034.44,1918.69,1898.92,1701.15,1566.12,1512.45,1366.38,1106.06,1149.71,1223.17,1065.27,886.47,717.87,644.15,544.26,508.28,473.99
Republic of Moldova,212.97,191.19,171.18,186.44,230.77,231.66,223.62,214.98,198.29,208.53,185.56,135.44,100.11,79.33,64.61,38.44,33.92,25.40,21.38
North Macedonia,399.10,358.31,327.49,306.92,343.88,350.21,310.77,329.95,305.23,296.67,314.15,265.36,245.67,233.11,233.99,217.22,175.04,152.16,164.47
Romania,687.25,555.11,476.25,442.24,503.35,495.24,401.67,426.60,472.21,449.38,521.32,415.07,291.00,254.53,190.80,143.55,96.58,78.82,69.89
Russian Federation,609.01,579.67,464.90,498.06,737.65,807.08,757.04,682.66,566.09,515.85,609.16,461.51,352.55,271.88,209.20,164.65,140.76,118.11,95.41
Rwanda,58.31,52.87,51.88,49.96,51.86,49.15,58.85,53.06,49.30,45.26,41.09,34.43,27.64,25.63,20.55,17.32,7.30,7.92,9.32
Saint Kitts and Nevis,992.59,1030.48,1006.64,884.85,804.45,877.50,829.82,872.81,828.48,842.46,856.41,692.08,678.22,551.98,491.52,487.42,473.89,451.68,458.56
Saint Lucia,464.71,473.32,471.28,426.86,423.33,482.43,454.57,461.79,430.24,426.19,427.19,439.90,392.91,337.52,314.06,322.11,304.03,288.76,289.28
Saint Vincent and the Grenadines,329.26,310.64,294.16,282.71,291.06,303.36,299.61,278.79,286.35,270.04,262.37,251.11,216.43,204.61,195.94,186.06,184.00,171.40,157.94
Samoa,227.33,235.41,227.07,223.18,259.27,257.50,205.15,220.39,192.77,179.21,163.01,153.52,138.66,126.32,109.06,85.77,76.20,58.87,63.04
San Marino,3463.70,3287.47,2958.55,3102.82,3835.26,3993.26,3984.98,4248.48,3991.24,4209.33,4301.02,3741.92,3211.69,3004.92,2908.70,2496.63,2248.69,2172.20,2151.65
Sao Tome and Principe,125.40,117.01,109.98,85.22,120.01,125.18,86.82,85.39,74.94,76.83,78.14,71.06,68.30,91.53,80.72,80.15,57.78,53.57,56.68
Saudi Arabia,1484.59,1456.94,1160.05,1237.33,1278.98,1109.51,1014.70,881.40,702.67,691.32,596.53,587.98,556.07,471.12,400.88,382.39,369.50,387.49,386.26
Senegal,58.90,55.10,54.07,53.41,61.32,60.18,56.23,57.52,51.16,50.08,49.04,40.84,38.64,36.46,42.51,35.66,26.79,23.84,21.67
Serbia,617.09,515.85,486.43,491.25,608.86,627.53,559.81,619.08,545.29,575.47,671.96,547.19,371.56,307.57,274.43,230.11,173.27,112.22,56.50
Seychelles,833.08,777.85,772.45,665.45,675.30,641.07,655.69,531.92,513.08,362.48,426.69,469.21,531.10,516.04,499.00,440.62,378.23,407.33,349.99
Sierra Leone,85.78,82.55,87.10,120.91,140.99,82.92,59.98,59.54,43.97,43.42,40.34,36.17,33.62,32.27,29.22,28.86,28.83,25.17,23.31
Singapore,2823.64,2619.08,2476.17,2302.60,2206.11,2078.59,1828.90,1676.00,1496.78,1328.52,1295.25,1121.34,990.80,908.95,867.51,852.97,757.20,696.62,797.29
Slovakia,1299.91,1189.07,1175.60,1108.88,1289.35,1370.47,1319.44,1352.44,1296.54,1320.09,1251.68,1029.30,729.01,601.31,511.53,344.47,254.13,212.22,203.51
Slovenia,2169.58,1925.03,1835.41,1775.86,2062.38,2055.38,1974.85,2147.81,2017.15,2125.06,2179.45,1795.95,1541.66,1449.19,1368.65,1203.06,944.87,826.23,796.65
Solomon Islands,94.96,97.43,99.28,99.43,114.36,106.36,106.25,115.51,133.35,99.87,78.39,89.90,89.24,91.19,66.74,55.58,80.12,63.40,48.76
South Africa,525.96,497.05,426.83,469.99,509.79,527.29,581.57,600.34,543.44,417.12,377.09,392.03,369.01,361.01,329.24,259.36,172.23,198.68,225.53
South Sudan,26.79,26.38,,,,,,,,,,,,,,,,,
Spain,2736.32,2522.64,2376.72,2349.23,2679.85,2629.61,2591.02,2909.12,2789.53,2937.53,2995.05,2606.18,2242.18,2060.33,1924.45,1641.06,1174.58,1045.05,1005.28
Sri Lanka,157.47,158.71,151.48,149.96,137.67,137.64,113.45,118.97,108.28,100.32,92.91,73.73,65.40,57.30,50.92,42.37,42.85,41.32,43.72
Sudan,60.17,192.61,165.85,158.90,116.94,127.16,102.54,134.81,93.45,95.34,92.22,90.58,61.06,40.81,32.12,24.74,18.30,16.58,15.23
Suriname,474.13,335.11,351.94,532.50,458.57,451.75,422.10,390.14,415.30,394.90,347.25,321.17,325.91,251.29,221.22,173.20,162.91,93.66,168.92
Sweden,5981.71,5838.22,5674.48,5595.03,6605.99,6696.12,6254.65,6354.29,4420.26,4137.50,4626.64,4307.14,3763.11,3545.96,3486.54,3109.15,2458.13,2155.44,2173.19
Switzerland,9870.66,9606.35,9439.42,9382.79,9578.65,9275.80,8917.12,9191.96,7705.18,7297.38,7120.65,6154.70,5671.98,5673.94,5608.70,5018.53,4211.73,3763.38,3559.82
Syrian Arab Republic,,,,,,,69.83,80.71,92.74,90.50,86.42,75.41,65.62,63.56,61.67,61.29,63.94,58.47,54.22
Tajikistan,59.84,58.17,56.20,64.17,74.60,68.94,57.98,49.65,42.99,39.58,42.09,29.12,20.44,17.73,14.93,11.17,8.35,7.67,5.97
Thailand,275.92,252.08,224.99,214.21,219.30,213.00,206.46,195.97,172.09,152.49,151.51,126.85,104.45,91.44,83.50,76.51,69.90,57.29,62.26
Timor-Leste,93.69,86.75,93.38,102.23,93.71,103.28,71.61,64.27,52.19,49.46,42.77,29.59,26.81,24.51,19.33,14.70,,,
Togo,41.84,37.47,39.27,35.66,40.70,39.11,35.12,35.16,31.48,26.70,24.14,19.91,16.95,16.13,15.23,13.87,11.28,10.01,10.00
Tonga,236.93,232.76,215.39,187.38,226.13,183.23,226.50,169.76,177.97,126.35,202.77,144.01,159.30,116.76,110.70,74.03,68.04,59.97,58.27
Trinidad and Tobago,1123.42,1128.59,1106.51,1107.19,1054.45,1013.18,934.34,911.38,861.51,810.80,784.50,696.39,593.24,553.07,449.85,374.00,338.29,284.30,277.22
Tunisia,251.55,252.72,258.76,270.47,293.10,289.54,274.34,274.31,243.71,234.11,233.34,205.01,181.37,172.34,169.68,150.83,125.91,114.89,111.66
Turkey,389.87,442.62,466.79,453.12,525.84,551.40,524.25,531.42,539.33,500.19,570.86,512.85,416.93,364.91,299.56,238.69,186.69,153.62,199.50
Turkmenistan,460.18,456.74,423.06,405.13,437.75,376.22,318.80,276.65,221.80,194.25,255.48,281.93,374.18,345.14,319.26,208.87,132.52,123.79,76.64
Tuvalu,692.52,633.36,547.90,531.27,567.96,628.64,532.05,567.47,500.06,375.97,314.49,295.30,298.66,242.89,228.37,287.88,218.13,272.08,359.10
Uganda,43.14,41.96,42.20,43.73,52.91,52.22,55.97,56.27,65.54,57.60,59.04,53.47,44.79,39.42,31.77,22.39,22.58,20.66,19.11
Ukraine,228.39,187.40,157.54,157.58,212.77,280.98,275.22,243.78,202.34,168.29,215.79,185.91,148.38,116.33,84.58,68.92,52.88,44.79,35.13
United Arab Emirates,1817.35,1650.02,1298.13,1385.54,1588.28,1523.88,1403.52,1438.47,1314.63,1296.98,1303.14,1072.71,974.52,913.36,894.54,886.50,857.91,777.13,787.02
United Kingdom of Great Britain and Northern Ireland,4315.43,3978.62,4066.09,4472.52,4740.87,4350.26,4282.05,4208.42,3955.45,3892.01,4351.28,4505.47,3893.59,3599.93,3429.65,2833.68,2417.06,2128.29,2054.18
United Republic of Tanzania,36.82,35.47,37.19,33.59,40.15,43.78,42.28,38.04,37.53,34.07,36.89,36.91,36.27,28.24,23.91,20.82,17.41,15.53,12.61
United States of America,10623.85,10209.63,9877.87,9491.09,9023.61,8599.53,8399.24,8130.76,7930.15,7681.25,7410.70,7172.17,6821.11,6454.68,6103.58,5741.30,5332.49,4914.94,4564.46
Uruguay,1590.05,1648.87,1450.14,1406.52,1476.20,1497.07,1329.66,1229.38,1030.62,816.29,802.46,571.99,495.25,440.45,371.60,378.65,430.25,668.96,687.93
Uzbekistan,82.27,93.00,129.17,131.83,117.65,130.42,117.57,100.09,85.19,71.42,60.81,46.53,37.71,32.33,27.88,25.50,24.39,30.34,35.51
Vanuatu,105.39,85.10,82.24,116.50,106.73,129.78,117.97,114.20,100.14,83.70,82.50,73.12,68.08,62.38,63.30,55.43,52.87,46.26,48.71
Venezuela (Bolivarian Republic of),256.95,524.91,505.41,663.77,698.87,697.53,837.37,786.29,945.89,886.78,731.87,658.05,553.41,333.34,293.34,245.41,285.63,391.51,355.15
Viet Nam,151.69,140.17,124.06,117.86,117.41,119.52,108.94,89.59,78.64,64.44,59.17,49.51,42.29,35.04,28.74,22.37,19.66,23.19,18.92
Yemen,,,,73.18,81.05,79.73,75.14,65.56,68.87,66.81,70.83,59.23,51.00,43.38,39.15,35.72,28.02,27.20,25.83
Zambia,75.99,67.51,57.36,59.34,67.50,88.13,69.30,57.88,55.39,51.36,55.94,48.95,61.58,48.21,37.97,31.31,25.97,25.09,24.72
Zimbabwe,140.32,112.74,113.41,107.69,116.71,101.67,90.28,88.39,99.35,,,,,,,,,,
